exam,studentid,question_num,correct
1,103,20,1
1,103,21,1
1,103,22,1
1,103,23,1
1,103,24,1
1,103,25,1
1,103,26,1
1,103,3,1
1,103,4,1
1,103,7,1
1,103,6,1
1,103,8,0
1,103,14,1
1,103,17,1
1,103,11,1
1,103,10,1
1,103,13,1
1,103,12,1
1,103,19,1
1,103,18,1
1,115,20,1
1,115,21,1
1,115,22,1
1,115,23,1
1,115,24,1
1,115,25,1
1,115,26,1
1,115,1,1
1,115,3,1
1,115,2,1
1,115,5,1
1,115,4,1
1,115,7,1
1,115,6,1
1,115,9,1
1,115,8,1
1,115,15,1
1,115,14,1
1,115,17,1
1,115,16,1
1,115,11,1
1,115,10,0
1,115,13,1
1,115,12,0
1,115,19,1
1,115,18,1
1,119,20,1
1,119,21,1
1,119,22,1
1,119,23,1
1,119,24,1
1,119,25,1
1,119,26,1
1,119,3,1
1,119,4,1
1,119,7,1
1,119,6,1
1,119,8,1
1,119,14,1
1,119,17,1
1,119,11,1
1,119,10,1
1,119,13,1
1,119,12,1
1,119,19,1
1,119,18,1
1,123,20,1
1,123,21,0
1,123,22,0
1,123,23,1
1,123,24,1
1,123,25,1
1,123,26,1
1,123,3,1
1,123,4,1
1,123,7,0
1,123,6,1
1,123,8,0
1,123,14,1
1,123,17,1
1,123,11,1
1,123,10,1
1,123,13,1
1,123,12,1
1,123,19,0
1,123,18,1
1,140,20,1
1,140,21,1
1,140,22,1
1,140,23,1
1,140,24,1
1,140,25,0
1,140,26,1
1,140,3,1
1,140,4,1
1,140,7,0
1,140,6,1
1,140,8,1
1,140,14,1
1,140,17,1
1,140,11,1
1,140,10,1
1,140,13,1
1,140,12,1
1,140,19,1
1,140,18,1
1,151,20,1
1,151,21,1
1,151,22,1
1,151,23,1
1,151,24,1
1,151,25,1
1,151,26,1
1,151,3,1
1,151,4,1
1,151,7,1
1,151,6,1
1,151,8,1
1,151,14,1
1,151,17,1
1,151,11,1
1,151,10,0
1,151,13,1
1,151,12,1
1,151,19,1
1,151,18,1
1,212,20,1
1,212,21,1
1,212,22,1
1,212,23,1
1,212,24,1
1,212,25,1
1,212,26,1
1,212,3,1
1,212,4,1
1,212,7,0
1,212,6,1
1,212,8,1
1,212,14,1
1,212,17,1
1,212,11,1
1,212,10,0
1,212,13,1
1,212,12,1
1,212,19,1
1,212,18,1
1,214,20,1
1,214,21,1
1,214,22,1
1,214,23,0
1,214,24,1
1,214,25,1
1,214,26,1
1,214,3,1
1,214,4,1
1,214,7,0
1,214,6,1
1,214,8,1
1,214,14,0
1,214,17,1
1,214,11,1
1,214,10,0
1,214,13,1
1,214,12,1
1,214,19,0
1,214,18,1
1,253,20,0
1,253,21,1
1,253,22,1
1,253,23,0
1,253,24,1
1,253,25,1
1,253,26,1
1,253,1,1
1,253,3,1
1,253,2,1
1,253,5,1
1,253,4,1
1,253,7,0
1,253,6,1
1,253,9,1
1,253,8,0
1,253,15,0
1,253,14,1
1,253,17,1
1,253,16,1
1,253,11,1
1,253,10,1
1,253,13,1
1,253,12,1
1,253,19,1
1,253,18,1
1,256,20,1
1,256,21,1
1,256,22,1
1,256,23,1
1,256,24,1
1,256,25,1
1,256,26,1
1,256,3,1
1,256,4,1
1,256,7,1
1,256,6,1
1,256,8,0
1,256,14,1
1,256,17,1
1,256,11,1
1,256,10,0
1,256,13,1
1,256,12,1
1,256,19,1
1,256,18,1
1,291,20,0
1,291,21,0
1,291,22,0
1,291,23,0
1,291,24,1
1,291,25,0
1,291,26,1
1,291,1,1
1,291,3,0
1,291,2,1
1,291,5,0
1,291,4,1
1,291,7,1
1,291,6,1
1,291,9,1
1,291,8,1
1,291,15,0
1,291,14,0
1,291,17,1
1,291,16,1
1,291,11,1
1,291,10,0
1,291,13,1
1,291,12,0
1,291,19,1
1,291,18,1
1,307,20,1
1,307,21,1
1,307,22,1
1,307,23,1
1,307,24,1
1,307,25,1
1,307,26,1
1,307,1,1
1,307,3,1
1,307,2,1
1,307,5,1
1,307,4,1
1,307,7,1
1,307,6,1
1,307,9,1
1,307,8,1
1,307,15,1
1,307,14,1
1,307,17,1
1,307,16,1
1,307,11,1
1,307,10,1
1,307,13,1
1,307,12,1
1,307,19,1
1,307,18,1
1,314,20,1
1,314,21,1
1,314,22,1
1,314,23,1
1,314,24,1
1,314,25,1
1,314,26,1
1,314,3,1
1,314,4,1
1,314,7,0
1,314,6,1
1,314,8,0
1,314,14,1
1,314,17,1
1,314,11,1
1,314,10,1
1,314,13,1
1,314,12,1
1,314,19,1
1,314,18,1
1,326,20,1
1,326,21,1
1,326,22,1
1,326,23,1
1,326,24,1
1,326,25,1
1,326,26,1
1,326,1,1
1,326,3,1
1,326,2,0
1,326,5,1
1,326,4,1
1,326,7,0
1,326,6,1
1,326,9,1
1,326,8,1
1,326,15,1
1,326,14,1
1,326,17,1
1,326,16,1
1,326,11,1
1,326,10,0
1,326,13,1
1,326,12,1
1,326,19,0
1,326,18,1
1,337,20,1
1,337,21,1
1,337,22,1
1,337,23,1
1,337,24,1
1,337,25,1
1,337,26,1
1,337,1,1
1,337,3,1
1,337,2,1
1,337,5,1
1,337,4,1
1,337,7,1
1,337,6,1
1,337,9,1
1,337,8,0
1,337,15,1
1,337,14,1
1,337,17,1
1,337,16,1
1,337,11,1
1,337,10,1
1,337,13,1
1,337,12,1
1,337,19,1
1,337,18,1
1,342,20,1
1,342,21,1
1,342,22,1
1,342,23,1
1,342,24,1
1,342,25,1
1,342,26,1
1,342,3,1
1,342,4,1
1,342,7,0
1,342,6,1
1,342,8,1
1,342,14,1
1,342,17,1
1,342,11,1
1,342,10,1
1,342,13,1
1,342,12,1
1,342,19,0
1,342,18,1
1,363,20,1
1,363,21,1
1,363,22,0
1,363,23,1
1,363,24,1
1,363,25,0
1,363,26,1
1,363,1,1
1,363,3,1
1,363,2,1
1,363,5,1
1,363,4,1
1,363,7,0
1,363,6,1
1,363,9,1
1,363,8,0
1,363,15,1
1,363,14,1
1,363,17,1
1,363,16,1
1,363,11,1
1,363,10,0
1,363,13,1
1,363,12,1
1,363,19,1
1,363,18,1
1,389,20,1
1,389,21,1
1,389,22,1
1,389,23,1
1,389,24,1
1,389,25,1
1,389,26,1
1,389,3,1
1,389,4,1
1,389,7,1
1,389,6,1
1,389,8,0
1,389,14,1
1,389,17,1
1,389,11,1
1,389,10,1
1,389,13,1
1,389,12,1
1,389,19,1
1,389,18,1
1,390,20,1
1,390,21,1
1,390,22,1
1,390,23,1
1,390,24,1
1,390,25,1
1,390,26,1
1,390,1,1
1,390,3,1
1,390,2,1
1,390,5,1
1,390,4,1
1,390,7,0
1,390,6,1
1,390,9,1
1,390,8,1
1,390,15,1
1,390,14,1
1,390,17,1
1,390,16,0
1,390,11,1
1,390,10,0
1,390,13,1
1,390,12,1
1,390,19,1
1,390,18,1
1,395,20,1
1,395,21,1
1,395,22,0
1,395,23,1
1,395,24,1
1,395,25,1
1,395,26,1
1,395,1,1
1,395,3,1
1,395,2,1
1,395,5,1
1,395,4,1
1,395,7,0
1,395,6,1
1,395,9,1
1,395,8,1
1,395,15,1
1,395,14,1
1,395,17,1
1,395,16,1
1,395,11,1
1,395,10,0
1,395,13,1
1,395,12,1
1,395,19,1
1,395,18,1
1,398,20,1
1,398,21,1
1,398,22,1
1,398,23,1
1,398,24,1
1,398,25,1
1,398,26,1
1,398,1,1
1,398,3,0
1,398,2,1
1,398,5,1
1,398,4,1
1,398,7,1
1,398,6,1
1,398,9,1
1,398,8,1
1,398,15,1
1,398,14,0
1,398,17,1
1,398,16,0
1,398,11,1
1,398,10,1
1,398,13,1
1,398,12,1
1,398,19,1
1,398,18,1
1,403,20,1
1,403,21,1
1,403,22,0
1,403,23,0
1,403,24,1
1,403,25,1
1,403,26,1
1,403,3,0
1,403,4,1
1,403,7,1
1,403,6,0
1,403,8,1
1,403,14,1
1,403,17,1
1,403,11,1
1,403,10,1
1,403,13,1
1,403,12,0
1,403,19,1
1,403,18,1
1,419,20,1
1,419,21,1
1,419,22,1
1,419,23,1
1,419,24,1
1,419,25,0
1,419,26,1
1,419,1,1
1,419,3,1
1,419,2,1
1,419,5,1
1,419,4,1
1,419,7,0
1,419,6,1
1,419,9,1
1,419,8,1
1,419,15,1
1,419,14,1
1,419,17,1
1,419,16,0
1,419,11,1
1,419,10,0
1,419,13,1
1,419,12,1
1,419,19,0
1,419,18,1
1,427,20,1
1,427,21,1
1,427,22,1
1,427,23,1
1,427,24,1
1,427,25,1
1,427,26,1
1,427,3,1
1,427,4,0
1,427,7,1
1,427,6,1
1,427,8,1
1,427,14,1
1,427,17,1
1,427,11,1
1,427,10,1
1,427,13,1
1,427,12,1
1,427,19,1
1,427,18,1
1,432,20,1
1,432,21,1
1,432,22,0
1,432,23,1
1,432,24,1
1,432,25,1
1,432,26,1
1,432,1,1
1,432,3,1
1,432,2,1
1,432,5,1
1,432,4,1
1,432,7,1
1,432,6,1
1,432,9,1
1,432,8,1
1,432,15,1
1,432,14,1
1,432,17,1
1,432,16,1
1,432,11,1
1,432,10,1
1,432,13,1
1,432,12,1
1,432,19,0
1,432,18,1
1,433,20,0
1,433,21,1
1,433,22,1
1,433,23,1
1,433,24,1
1,433,25,1
1,433,26,1
1,433,1,1
1,433,3,1
1,433,2,1
1,433,5,0
1,433,4,1
1,433,7,0
1,433,6,1
1,433,9,1
1,433,8,1
1,433,15,1
1,433,14,1
1,433,17,1
1,433,16,1
1,433,11,1
1,433,10,1
1,433,13,1
1,433,12,1
1,433,19,0
1,433,18,1
1,438,20,0
1,438,21,1
1,438,22,1
1,438,23,1
1,438,24,1
1,438,25,1
1,438,26,1
1,438,1,1
1,438,3,1
1,438,2,0
1,438,5,1
1,438,4,1
1,438,7,1
1,438,6,1
1,438,9,1
1,438,8,1
1,438,15,1
1,438,14,1
1,438,17,1
1,438,16,1
1,438,11,1
1,438,10,1
1,438,13,1
1,438,12,0
1,438,19,1
1,438,18,1
1,440,20,1
1,440,21,0
1,440,22,0
1,440,23,1
1,440,24,1
1,440,25,0
1,440,26,1
1,440,1,1
1,440,3,1
1,440,2,1
1,440,5,1
1,440,4,0
1,440,7,1
1,440,6,1
1,440,9,1
1,440,8,1
1,440,15,1
1,440,14,1
1,440,17,1
1,440,16,1
1,440,11,1
1,440,10,1
1,440,13,1
1,440,12,1
1,440,19,1
1,440,18,1
1,460,20,1
1,460,21,1
1,460,22,0
1,460,23,1
1,460,24,1
1,460,25,1
1,460,26,1
1,460,1,1
1,460,3,1
1,460,2,0
1,460,5,1
1,460,4,1
1,460,7,1
1,460,6,1
1,460,9,1
1,460,8,1
1,460,15,1
1,460,14,1
1,460,17,1
1,460,16,1
1,460,11,1
1,460,10,1
1,460,13,1
1,460,12,0
1,460,19,1
1,460,18,1
1,466,20,0
1,466,21,1
1,466,22,0
1,466,23,1
1,466,24,1
1,466,25,0
1,466,26,1
1,466,1,1
1,466,3,0
1,466,2,1
1,466,5,1
1,466,4,1
1,466,7,0
1,466,6,1
1,466,9,1
1,466,8,1
1,466,15,1
1,466,14,1
1,466,17,1
1,466,16,0
1,466,11,1
1,466,10,1
1,466,13,1
1,466,12,0
1,466,19,1
1,466,18,1
1,484,20,1
1,484,21,1
1,484,22,1
1,484,23,1
1,484,24,1
1,484,25,1
1,484,26,1
1,484,1,1
1,484,3,1
1,484,2,1
1,484,5,1
1,484,4,1
1,484,7,1
1,484,6,1
1,484,9,1
1,484,8,1
1,484,15,1
1,484,14,1
1,484,17,1
1,484,16,1
1,484,11,1
1,484,10,1
1,484,13,1
1,484,12,1
1,484,19,1
1,484,18,1
1,490,20,0
1,490,21,1
1,490,22,1
1,490,23,0
1,490,24,1
1,490,25,0
1,490,26,1
1,490,3,1
1,490,4,1
1,490,7,1
1,490,6,1
1,490,8,1
1,490,14,1
1,490,17,1
1,490,11,1
1,490,10,0
1,490,13,1
1,490,12,1
1,490,19,0
1,490,18,1
1,502,20,1
1,502,21,1
1,502,22,1
1,502,23,0
1,502,24,1
1,502,25,1
1,502,26,1
1,502,3,1
1,502,4,1
1,502,7,0
1,502,6,1
1,502,8,1
1,502,14,1
1,502,17,1
1,502,11,1
1,502,10,1
1,502,13,1
1,502,12,1
1,502,19,1
1,502,18,1
1,506,20,0
1,506,21,1
1,506,22,1
1,506,23,1
1,506,24,1
1,506,25,1
1,506,26,1
1,506,3,1
1,506,4,1
1,506,7,0
1,506,6,1
1,506,8,0
1,506,14,0
1,506,17,1
1,506,11,1
1,506,10,1
1,506,13,1
1,506,12,0
1,506,19,1
1,506,18,1
1,514,20,1
1,514,21,1
1,514,22,1
1,514,23,1
1,514,24,1
1,514,25,1
1,514,26,1
1,514,3,1
1,514,4,1
1,514,7,1
1,514,6,1
1,514,8,0
1,514,14,1
1,514,17,1
1,514,11,1
1,514,10,1
1,514,13,1
1,514,12,1
1,514,19,1
1,514,18,1
1,533,20,0
1,533,21,1
1,533,22,0
1,533,23,0
1,533,24,1
1,533,25,0
1,533,26,1
1,533,1,1
1,533,3,1
1,533,2,1
1,533,5,1
1,533,4,1
1,533,7,1
1,533,6,1
1,533,9,1
1,533,8,1
1,533,15,1
1,533,14,1
1,533,17,1
1,533,16,1
1,533,11,1
1,533,10,1
1,533,13,1
1,533,12,1
1,533,19,1
1,533,18,1
1,581,20,1
1,581,21,1
1,581,22,0
1,581,23,0
1,581,24,1
1,581,25,1
1,581,26,1
1,581,1,1
1,581,3,1
1,581,2,1
1,581,5,0
1,581,4,1
1,581,7,0
1,581,6,1
1,581,9,0
1,581,8,0
1,581,15,1
1,581,14,0
1,581,17,1
1,581,16,1
1,581,11,1
1,581,10,0
1,581,13,1
1,581,12,0
1,581,19,1
1,581,18,1
1,596,20,1
1,596,21,1
1,596,22,1
1,596,23,1
1,596,24,1
1,596,25,1
1,596,26,1
1,596,3,1
1,596,4,1
1,596,7,0
1,596,6,1
1,596,8,0
1,596,14,1
1,596,17,1
1,596,11,1
1,596,10,1
1,596,13,0
1,596,12,1
1,596,19,1
1,596,18,1
1,616,20,1
1,616,21,1
1,616,22,1
1,616,23,1
1,616,24,1
1,616,25,1
1,616,26,1
1,616,3,1
1,616,4,1
1,616,7,1
1,616,6,1
1,616,8,1
1,616,14,1
1,616,17,1
1,616,11,1
1,616,10,0
1,616,13,1
1,616,12,1
1,616,19,1
1,616,18,1
1,623,20,0
1,623,21,0
1,623,22,0
1,623,23,0
1,623,24,1
1,623,25,1
1,623,26,1
1,623,1,1
1,623,3,1
1,623,2,1
1,623,5,1
1,623,4,1
1,623,7,0
1,623,6,1
1,623,9,1
1,623,8,1
1,623,15,1
1,623,14,1
1,623,17,1
1,623,16,1
1,623,11,1
1,623,10,0
1,623,13,1
1,623,12,1
1,623,19,1
1,623,18,1
1,656,20,1
1,656,21,1
1,656,22,1
1,656,23,0
1,656,24,1
1,656,25,1
1,656,26,1
1,656,1,1
1,656,3,1
1,656,2,1
1,656,5,1
1,656,4,1
1,656,7,1
1,656,6,1
1,656,9,1
1,656,8,1
1,656,15,1
1,656,14,1
1,656,17,1
1,656,16,1
1,656,11,1
1,656,10,1
1,656,13,1
1,656,12,1
1,656,19,1
1,656,18,1
1,673,20,1
1,673,21,1
1,673,22,1
1,673,23,1
1,673,24,1
1,673,25,1
1,673,26,1
1,673,3,1
1,673,4,1
1,673,7,1
1,673,6,1
1,673,8,1
1,673,14,1
1,673,17,1
1,673,11,1
1,673,10,1
1,673,13,1
1,673,12,1
1,673,19,1
1,673,18,1
1,674,20,1
1,674,21,1
1,674,22,1
1,674,23,1
1,674,24,1
1,674,25,1
1,674,26,1
1,674,3,0
1,674,4,1
1,674,7,0
1,674,6,1
1,674,8,1
1,674,14,1
1,674,17,1
1,674,11,1
1,674,10,0
1,674,13,1
1,674,12,0
1,674,19,1
1,674,18,1
1,692,20,1
1,692,21,1
1,692,22,1
1,692,23,1
1,692,24,1
1,692,25,1
1,692,26,1
1,692,3,1
1,692,4,1
1,692,7,1
1,692,6,1
1,692,8,1
1,692,14,1
1,692,17,1
1,692,11,1
1,692,10,1
1,692,13,1
1,692,12,0
1,692,19,0
1,692,18,1
1,694,20,0
1,694,21,1
1,694,22,1
1,694,23,1
1,694,24,1
1,694,25,0
1,694,26,1
1,694,1,1
1,694,3,0
1,694,2,1
1,694,5,1
1,694,4,1
1,694,7,0
1,694,6,1
1,694,9,1
1,694,8,1
1,694,15,0
1,694,14,0
1,694,17,1
1,694,16,1
1,694,11,1
1,694,10,0
1,694,13,1
1,694,12,0
1,694,19,1
1,694,18,1
1,749,20,1
1,749,21,1
1,749,22,0
1,749,23,1
1,749,24,1
1,749,25,1
1,749,26,1
1,749,1,1
1,749,3,1
1,749,2,1
1,749,5,1
1,749,4,1
1,749,7,0
1,749,6,1
1,749,9,1
1,749,8,0
1,749,15,1
1,749,14,1
1,749,17,1
1,749,16,1
1,749,11,1
1,749,10,1
1,749,13,1
1,749,12,1
1,749,19,0
1,749,18,1
1,813,20,0
1,813,21,1
1,813,22,0
1,813,23,1
1,813,24,1
1,813,25,1
1,813,26,1
1,813,1,1
1,813,3,1
1,813,2,1
1,813,5,1
1,813,4,1
1,813,7,1
1,813,6,1
1,813,9,1
1,813,8,0
1,813,15,0
1,813,14,1
1,813,17,1
1,813,16,1
1,813,11,1
1,813,10,0
1,813,13,1
1,813,12,1
1,813,19,1
1,813,18,1
1,821,20,0
1,821,21,1
1,821,22,0
1,821,23,1
1,821,24,1
1,821,25,1
1,821,26,1
1,821,3,1
1,821,4,1
1,821,7,1
1,821,6,1
1,821,8,1
1,821,14,1
1,821,17,1
1,821,11,1
1,821,10,0
1,821,13,1
1,821,12,1
1,821,19,0
1,821,18,1
1,859,20,1
1,859,21,1
1,859,22,0
1,859,23,1
1,859,24,0
1,859,25,1
1,859,26,1
1,859,1,1
1,859,3,1
1,859,2,1
1,859,5,1
1,859,4,1
1,859,7,0
1,859,6,1
1,859,9,1
1,859,8,1
1,859,15,1
1,859,14,1
1,859,17,1
1,859,16,1
1,859,11,1
1,859,10,1
1,859,13,1
1,859,12,0
1,859,19,1
1,859,18,1
1,863,20,0
1,863,21,1
1,863,22,0
1,863,23,1
1,863,24,1
1,863,25,0
1,863,26,1
1,863,3,1
1,863,4,1
1,863,7,0
1,863,6,1
1,863,8,1
1,863,14,1
1,863,17,1
1,863,11,1
1,863,10,0
1,863,13,1
1,863,12,0
1,863,19,1
1,863,18,1
1,866,20,1
1,866,21,1
1,866,22,1
1,866,23,0
1,866,24,1
1,866,25,1
1,866,26,1
1,866,1,1
1,866,3,1
1,866,2,1
1,866,5,1
1,866,4,1
1,866,7,0
1,866,6,0
1,866,9,1
1,866,8,0
1,866,15,1
1,866,14,0
1,866,17,1
1,866,16,1
1,866,11,1
1,866,10,0
1,866,13,1
1,866,12,1
1,866,19,0
1,866,18,1
1,872,20,1
1,872,21,1
1,872,22,1
1,872,23,1
1,872,24,1
1,872,25,1
1,872,26,1
1,872,3,1
1,872,4,1
1,872,7,1
1,872,6,1
1,872,8,1
1,872,14,1
1,872,17,1
1,872,11,1
1,872,10,1
1,872,13,1
1,872,12,1
1,872,19,0
1,872,18,1
1,877,20,1
1,877,21,1
1,877,22,1
1,877,23,1
1,877,24,1
1,877,25,1
1,877,26,1
1,877,3,1
1,877,4,1
1,877,7,0
1,877,6,1
1,877,8,1
1,877,14,1
1,877,17,1
1,877,11,1
1,877,10,0
1,877,13,1
1,877,12,1
1,877,19,1
1,877,18,1
1,889,20,1
1,889,21,1
1,889,22,1
1,889,23,1
1,889,24,1
1,889,25,1
1,889,26,1
1,889,1,1
1,889,3,0
1,889,2,1
1,889,5,1
1,889,4,1
1,889,7,1
1,889,6,1
1,889,9,1
1,889,8,1
1,889,15,1
1,889,14,1
1,889,17,1
1,889,16,1
1,889,11,1
1,889,10,1
1,889,13,1
1,889,12,1
1,889,19,1
1,889,18,1
1,897,20,1
1,897,21,0
1,897,22,0
1,897,23,0
1,897,24,1
1,897,25,0
1,897,26,1
1,897,1,1
1,897,3,1
1,897,2,0
1,897,5,1
1,897,4,0
1,897,7,1
1,897,6,1
1,897,9,1
1,897,8,1
1,897,15,0
1,897,14,0
1,897,17,1
1,897,16,1
1,897,11,1
1,897,10,1
1,897,13,1
1,897,12,0
1,897,19,0
1,897,18,1
1,911,20,1
1,911,21,0
1,911,22,0
1,911,23,1
1,911,24,1
1,911,25,0
1,911,26,1
1,911,1,1
1,911,3,1
1,911,2,1
1,911,5,1
1,911,4,1
1,911,7,0
1,911,6,1
1,911,9,1
1,911,8,0
1,911,15,1
1,911,14,1
1,911,17,1
1,911,16,1
1,911,11,1
1,911,10,1
1,911,13,1
1,911,12,1
1,911,19,1
1,911,18,1
1,929,20,0
1,929,21,1
1,929,22,1
1,929,23,1
1,929,24,1
1,929,25,1
1,929,26,1
1,929,3,1
1,929,4,0
1,929,7,1
1,929,6,1
1,929,8,1
1,929,14,1
1,929,17,1
1,929,11,1
1,929,10,1
1,929,13,1
1,929,12,1
1,929,19,0
1,929,18,1
1,932,20,1
1,932,21,1
1,932,22,1
1,932,23,0
1,932,24,1
1,932,25,1
1,932,26,1
1,932,3,1
1,932,4,1
1,932,7,1
1,932,6,1
1,932,8,1
1,932,14,1
1,932,17,1
1,932,11,1
1,932,10,0
1,932,13,1
1,932,12,1
1,932,19,1
1,932,18,1
1,946,20,1
1,946,21,1
1,946,22,1
1,946,23,1
1,946,24,1
1,946,25,1
1,946,26,1
1,946,3,1
1,946,4,1
1,946,7,1
1,946,6,1
1,946,8,1
1,946,14,1
1,946,17,1
1,946,11,1
1,946,10,0
1,946,13,1
1,946,12,1
1,946,19,0
1,946,18,1
1,969,20,0
1,969,21,0
1,969,22,1
1,969,23,1
1,969,24,1
1,969,25,0
1,969,26,1
1,969,1,1
1,969,3,1
1,969,2,1
1,969,5,1
1,969,4,0
1,969,7,0
1,969,6,1
1,969,9,1
1,969,8,0
1,969,15,1
1,969,14,1
1,969,17,1
1,969,16,1
1,969,11,0
1,969,10,0
1,969,13,1
1,969,12,1
1,969,19,0
1,969,18,1
1,970,20,0
1,970,21,1
1,970,22,0
1,970,23,1
1,970,24,1
1,970,25,1
1,970,26,1
1,970,1,1
1,970,3,1
1,970,2,1
1,970,5,0
1,970,4,1
1,970,7,1
1,970,6,1
1,970,9,0
1,970,8,1
1,970,15,0
1,970,14,0
1,970,17,1
1,970,16,0
1,970,11,0
1,970,10,0
1,970,13,1
1,970,12,0
1,970,19,0
1,970,18,1
1,973,20,1
1,973,21,1
1,973,22,0
1,973,23,1
1,973,24,1
1,973,25,1
1,973,26,1
1,973,1,1
1,973,3,1
1,973,2,1
1,973,5,1
1,973,4,1
1,973,7,0
1,973,6,1
1,973,9,1
1,973,8,1
1,973,15,1
1,973,14,1
1,973,17,1
1,973,16,1
1,973,11,1
1,973,10,1
1,973,13,1
1,973,12,1
1,973,19,1
1,973,18,1
1,986,20,1
1,986,21,1
1,986,22,1
1,986,23,1
1,986,24,1
1,986,25,1
1,986,26,1
1,986,1,1
1,986,3,1
1,986,2,1
1,986,5,1
1,986,4,1
1,986,7,1
1,986,6,1
1,986,9,1
1,986,8,1
1,986,15,1
1,986,14,1
1,986,17,1
1,986,16,1
1,986,11,1
1,986,10,1
1,986,13,1
1,986,12,0
1,986,19,1
1,986,18,1
1,989,20,0
1,989,21,1
1,989,22,0
1,989,23,1
1,989,24,1
1,989,25,0
1,989,26,1
1,989,1,1
1,989,3,1
1,989,2,1
1,989,5,1
1,989,4,1
1,989,7,0
1,989,6,1
1,989,9,1
1,989,8,1
1,989,15,0
1,989,14,1
1,989,17,1
1,989,16,1
1,989,11,1
1,989,10,0
1,989,13,1
1,989,12,0
1,989,19,0
1,989,18,1
2,103,20,1
2,103,21,1
2,103,22,1
2,103,23,1
2,103,25,1
2,103,26,0
2,103,3,1
2,103,5,1
2,103,7,1
2,103,6,1
2,103,9,1
2,103,8,1
2,103,15,1
2,103,14,1
2,103,17,1
2,103,16,1
2,103,10,1
2,103,13,0
2,103,19,1
2,103,18,1
2,115,20,0
2,115,21,1
2,115,22,1
2,115,23,0
2,115,24,1
2,115,25,0
2,115,26,0
2,115,1,1
2,115,3,0
2,115,2,1
2,115,5,1
2,115,4,1
2,115,7,0
2,115,6,1
2,115,9,1
2,115,8,1
2,115,15,1
2,115,14,1
2,115,17,1
2,115,16,0
2,115,11,1
2,115,10,0
2,115,13,1
2,115,12,1
2,115,19,1
2,115,18,1
2,119,20,0
2,119,21,0
2,119,22,1
2,119,23,0
2,119,25,1
2,119,26,0
2,119,3,1
2,119,5,1
2,119,7,1
2,119,6,1
2,119,9,0
2,119,8,1
2,119,15,1
2,119,14,1
2,119,17,1
2,119,16,1
2,119,10,0
2,119,13,1
2,119,19,1
2,119,18,1
2,123,20,0
2,123,21,0
2,123,22,1
2,123,23,1
2,123,25,0
2,123,26,0
2,123,3,1
2,123,5,0
2,123,7,0
2,123,6,0
2,123,9,0
2,123,8,0
2,123,15,0
2,123,14,1
2,123,17,1
2,123,16,0
2,123,10,0
2,123,13,1
2,123,19,1
2,123,18,0
2,140,20,0
2,140,21,1
2,140,22,1
2,140,23,1
2,140,25,0
2,140,26,1
2,140,3,0
2,140,5,1
2,140,7,1
2,140,6,1
2,140,9,0
2,140,8,1
2,140,15,1
2,140,14,1
2,140,17,1
2,140,16,1
2,140,10,1
2,140,13,1
2,140,19,1
2,140,18,1
2,151,20,1
2,151,21,1
2,151,22,1
2,151,23,1
2,151,25,1
2,151,26,1
2,151,3,1
2,151,5,1
2,151,7,1
2,151,6,1
2,151,9,1
2,151,8,1
2,151,15,1
2,151,14,1
2,151,17,1
2,151,16,1
2,151,10,1
2,151,13,1
2,151,19,1
2,151,18,1
2,212,20,1
2,212,21,1
2,212,22,1
2,212,23,0
2,212,25,1
2,212,26,1
2,212,3,1
2,212,5,1
2,212,7,1
2,212,6,1
2,212,9,1
2,212,8,0
2,212,15,1
2,212,14,1
2,212,17,1
2,212,16,1
2,212,10,0
2,212,13,1
2,212,19,1
2,212,18,1
2,214,20,1
2,214,21,1
2,214,22,1
2,214,23,0
2,214,25,1
2,214,26,0
2,214,3,1
2,214,5,1
2,214,7,0
2,214,6,0
2,214,9,0
2,214,8,1
2,214,15,1
2,214,14,1
2,214,17,1
2,214,16,1
2,214,10,0
2,214,13,1
2,214,19,1
2,214,18,1
2,253,20,1
2,253,21,1
2,253,22,1
2,253,23,1
2,253,24,0
2,253,25,0
2,253,26,1
2,253,1,1
2,253,3,1
2,253,2,1
2,253,5,1
2,253,4,1
2,253,7,1
2,253,6,1
2,253,9,1
2,253,8,1
2,253,15,0
2,253,14,1
2,253,17,1
2,253,16,1
2,253,11,1
2,253,10,1
2,253,13,1
2,253,12,1
2,253,19,1
2,253,18,1
2,256,20,1
2,256,21,1
2,256,22,1
2,256,23,1
2,256,25,1
2,256,26,1
2,256,3,1
2,256,5,1
2,256,7,1
2,256,6,1
2,256,9,0
2,256,8,1
2,256,15,1
2,256,14,1
2,256,17,1
2,256,16,0
2,256,10,0
2,256,13,1
2,256,19,1
2,256,18,1
2,291,20,0
2,291,21,0
2,291,22,1
2,291,23,0
2,291,24,1
2,291,25,0
2,291,26,0
2,291,1,1
2,291,3,1
2,291,2,1
2,291,5,0
2,291,4,1
2,291,7,1
2,291,6,0
2,291,9,1
2,291,8,1
2,291,15,0
2,291,14,1
2,291,17,1
2,291,16,0
2,291,11,1
2,291,10,1
2,291,13,1
2,291,12,1
2,291,19,1
2,291,18,1
2,307,20,1
2,307,21,0
2,307,22,0
2,307,23,1
2,307,24,1
2,307,25,1
2,307,26,0
2,307,1,0
2,307,3,1
2,307,2,1
2,307,5,1
2,307,4,1
2,307,7,1
2,307,6,0
2,307,9,1
2,307,8,1
2,307,15,1
2,307,14,1
2,307,17,1
2,307,16,1
2,307,11,1
2,307,10,0
2,307,13,1
2,307,12,1
2,307,19,1
2,307,18,1
2,314,20,1
2,314,21,1
2,314,22,1
2,314,23,1
2,314,25,1
2,314,26,1
2,314,3,1
2,314,5,1
2,314,7,1
2,314,6,0
2,314,9,0
2,314,8,1
2,314,15,1
2,314,14,1
2,314,17,1
2,314,16,1
2,314,10,0
2,314,13,1
2,314,19,1
2,314,18,1
2,326,20,0
2,326,21,0
2,326,22,0
2,326,23,1
2,326,24,0
2,326,25,0
2,326,26,0
2,326,1,1
2,326,3,0
2,326,2,1
2,326,5,1
2,326,4,0
2,326,7,0
2,326,6,1
2,326,9,0
2,326,8,1
2,326,15,0
2,326,14,1
2,326,17,1
2,326,16,0
2,326,11,1
2,326,10,0
2,326,13,1
2,326,12,1
2,326,19,1
2,326,18,0
2,337,20,1
2,337,21,1
2,337,22,1
2,337,23,1
2,337,24,1
2,337,25,1
2,337,26,0
2,337,1,1
2,337,3,1
2,337,2,1
2,337,5,1
2,337,4,0
2,337,7,1
2,337,6,1
2,337,9,0
2,337,8,1
2,337,15,1
2,337,14,1
2,337,17,1
2,337,16,1
2,337,11,1
2,337,10,1
2,337,13,1
2,337,12,1
2,337,19,1
2,337,18,1
2,342,20,0
2,342,21,1
2,342,22,1
2,342,23,1
2,342,25,0
2,342,26,1
2,342,3,1
2,342,5,1
2,342,7,1
2,342,6,1
2,342,9,0
2,342,8,1
2,342,15,0
2,342,14,1
2,342,17,1
2,342,16,1
2,342,10,1
2,342,13,1
2,342,19,1
2,342,18,1
2,363,20,1
2,363,21,1
2,363,22,1
2,363,23,1
2,363,24,1
2,363,25,1
2,363,26,1
2,363,1,1
2,363,3,1
2,363,2,1
2,363,5,1
2,363,4,1
2,363,7,1
2,363,6,1
2,363,9,0
2,363,8,1
2,363,15,1
2,363,14,1
2,363,17,1
2,363,16,1
2,363,11,1
2,363,10,1
2,363,13,1
2,363,12,1
2,363,19,1
2,363,18,1
2,389,20,1
2,389,21,1
2,389,22,1
2,389,23,1
2,389,25,1
2,389,26,1
2,389,3,1
2,389,5,1
2,389,7,1
2,389,6,1
2,389,9,1
2,389,8,1
2,389,15,0
2,389,14,1
2,389,17,1
2,389,16,1
2,389,10,1
2,389,13,1
2,389,19,0
2,389,18,1
2,390,20,1
2,390,21,1
2,390,22,1
2,390,23,1
2,390,24,1
2,390,25,1
2,390,26,0
2,390,1,1
2,390,3,1
2,390,2,1
2,390,5,1
2,390,4,1
2,390,7,0
2,390,6,1
2,390,9,0
2,390,8,1
2,390,15,1
2,390,14,1
2,390,17,1
2,390,16,1
2,390,11,1
2,390,10,0
2,390,13,1
2,390,12,1
2,390,19,1
2,390,18,1
2,395,20,0
2,395,21,1
2,395,22,1
2,395,23,0
2,395,24,1
2,395,25,0
2,395,26,0
2,395,1,1
2,395,3,1
2,395,2,1
2,395,5,1
2,395,4,1
2,395,7,0
2,395,6,1
2,395,9,0
2,395,8,1
2,395,15,0
2,395,14,1
2,395,17,1
2,395,16,0
2,395,11,1
2,395,10,1
2,395,13,1
2,395,12,1
2,395,19,1
2,395,18,1
2,398,20,1
2,398,21,1
2,398,22,1
2,398,23,1
2,398,24,1
2,398,25,1
2,398,26,0
2,398,1,1
2,398,3,1
2,398,2,1
2,398,5,1
2,398,4,1
2,398,7,1
2,398,6,1
2,398,9,1
2,398,8,1
2,398,15,1
2,398,14,1
2,398,17,1
2,398,16,1
2,398,11,1
2,398,10,0
2,398,13,1
2,398,12,1
2,398,19,1
2,398,18,1
2,403,20,1
2,403,21,1
2,403,22,1
2,403,23,1
2,403,25,0
2,403,26,1
2,403,3,1
2,403,5,1
2,403,7,1
2,403,6,0
2,403,9,0
2,403,8,1
2,403,15,1
2,403,14,1
2,403,17,1
2,403,16,1
2,403,10,1
2,403,13,1
2,403,19,1
2,403,18,1
2,419,20,1
2,419,21,1
2,419,22,1
2,419,23,0
2,419,24,1
2,419,25,1
2,419,26,0
2,419,1,1
2,419,3,1
2,419,2,1
2,419,5,1
2,419,4,1
2,419,7,0
2,419,6,1
2,419,9,0
2,419,8,1
2,419,15,0
2,419,14,1
2,419,17,1
2,419,16,1
2,419,11,1
2,419,10,0
2,419,13,1
2,419,12,1
2,419,19,1
2,419,18,1
2,427,20,1
2,427,21,1
2,427,22,1
2,427,23,1
2,427,25,1
2,427,26,0
2,427,3,1
2,427,5,1
2,427,7,1
2,427,6,1
2,427,9,0
2,427,8,1
2,427,15,1
2,427,14,1
2,427,17,1
2,427,16,1
2,427,10,1
2,427,13,1
2,427,19,1
2,427,18,1
2,432,20,1
2,432,21,1
2,432,22,1
2,432,23,1
2,432,24,0
2,432,25,0
2,432,26,1
2,432,1,1
2,432,3,1
2,432,2,1
2,432,5,1
2,432,4,1
2,432,7,1
2,432,6,1
2,432,9,1
2,432,8,0
2,432,15,1
2,432,14,1
2,432,17,1
2,432,16,1
2,432,11,1
2,432,10,0
2,432,13,1
2,432,12,0
2,432,19,1
2,432,18,1
2,433,20,1
2,433,21,1
2,433,22,1
2,433,23,1
2,433,24,1
2,433,25,1
2,433,26,0
2,433,1,1
2,433,3,1
2,433,2,1
2,433,5,1
2,433,4,1
2,433,7,1
2,433,6,1
2,433,9,1
2,433,8,1
2,433,15,0
2,433,14,1
2,433,17,1
2,433,16,1
2,433,11,1
2,433,10,1
2,433,13,1
2,433,12,1
2,433,19,1
2,433,18,1
2,438,20,0
2,438,21,0
2,438,22,1
2,438,23,0
2,438,24,0
2,438,25,1
2,438,26,1
2,438,1,1
2,438,3,1
2,438,2,1
2,438,5,1
2,438,4,1
2,438,7,1
2,438,6,0
2,438,9,1
2,438,8,1
2,438,15,1
2,438,14,1
2,438,17,1
2,438,16,0
2,438,11,1
2,438,10,0
2,438,13,1
2,438,12,1
2,438,19,1
2,438,18,1
2,440,20,0
2,440,21,1
2,440,22,1
2,440,23,1
2,440,24,0
2,440,25,0
2,440,26,1
2,440,1,1
2,440,3,1
2,440,2,1
2,440,5,1
2,440,4,1
2,440,7,1
2,440,6,1
2,440,9,1
2,440,8,1
2,440,15,0
2,440,14,1
2,440,17,1
2,440,16,0
2,440,11,1
2,440,10,1
2,440,13,1
2,440,12,1
2,440,19,1
2,440,18,1
2,460,20,1
2,460,21,1
2,460,22,1
2,460,23,1
2,460,24,1
2,460,25,1
2,460,26,1
2,460,1,1
2,460,3,1
2,460,2,1
2,460,5,1
2,460,4,1
2,460,7,1
2,460,6,1
2,460,9,0
2,460,8,1
2,460,15,0
2,460,14,1
2,460,17,1
2,460,16,1
2,460,11,1
2,460,10,1
2,460,13,1
2,460,12,1
2,460,19,1
2,460,18,1
2,466,20,1
2,466,21,0
2,466,22,1
2,466,23,1
2,466,24,1
2,466,25,1
2,466,26,0
2,466,1,1
2,466,3,1
2,466,2,1
2,466,5,1
2,466,4,1
2,466,7,1
2,466,6,1
2,466,9,1
2,466,8,1
2,466,15,0
2,466,14,1
2,466,17,1
2,466,16,1
2,466,11,1
2,466,10,0
2,466,13,1
2,466,12,1
2,466,19,1
2,466,18,0
2,484,20,0
2,484,21,1
2,484,22,1
2,484,23,1
2,484,24,1
2,484,25,0
2,484,26,1
2,484,1,1
2,484,3,1
2,484,2,1
2,484,5,1
2,484,4,1
2,484,7,1
2,484,6,1
2,484,9,1
2,484,8,1
2,484,15,1
2,484,14,1
2,484,17,1
2,484,16,1
2,484,11,1
2,484,10,1
2,484,13,1
2,484,12,1
2,484,19,1
2,484,18,1
2,490,20,0
2,490,21,1
2,490,22,1
2,490,23,0
2,490,25,0
2,490,26,0
2,490,3,1
2,490,5,1
2,490,7,0
2,490,6,1
2,490,9,0
2,490,8,1
2,490,15,0
2,490,14,1
2,490,17,1
2,490,16,1
2,490,10,0
2,490,13,1
2,490,19,1
2,490,18,0
2,502,20,0
2,502,21,1
2,502,22,1
2,502,23,1
2,502,25,1
2,502,26,1
2,502,3,1
2,502,5,1
2,502,7,1
2,502,6,0
2,502,9,1
2,502,8,1
2,502,15,0
2,502,14,1
2,502,17,1
2,502,16,1
2,502,10,1
2,502,13,1
2,502,19,1
2,502,18,1
2,506,20,1
2,506,21,1
2,506,22,1
2,506,23,0
2,506,25,1
2,506,26,0
2,506,3,1
2,506,5,1
2,506,7,0
2,506,6,0
2,506,9,0
2,506,8,1
2,506,15,0
2,506,14,1
2,506,17,1
2,506,16,1
2,506,10,0
2,506,13,1
2,506,19,1
2,506,18,0
2,514,20,0
2,514,21,1
2,514,22,1
2,514,23,0
2,514,25,0
2,514,26,1
2,514,3,1
2,514,5,1
2,514,7,1
2,514,6,1
2,514,9,1
2,514,8,1
2,514,15,1
2,514,14,1
2,514,17,1
2,514,16,1
2,514,10,0
2,514,13,1
2,514,19,0
2,514,18,1
2,533,20,1
2,533,21,1
2,533,22,1
2,533,23,1
2,533,24,1
2,533,25,1
2,533,26,0
2,533,1,1
2,533,3,1
2,533,2,1
2,533,5,1
2,533,4,1
2,533,7,0
2,533,6,1
2,533,9,1
2,533,8,0
2,533,15,1
2,533,14,1
2,533,17,1
2,533,16,1
2,533,11,1
2,533,10,1
2,533,13,1
2,533,12,1
2,533,19,0
2,533,18,1
2,581,20,0
2,581,21,0
2,581,22,1
2,581,23,0
2,581,24,0
2,581,25,1
2,581,26,0
2,581,1,1
2,581,3,0
2,581,2,1
2,581,5,1
2,581,4,1
2,581,7,0
2,581,6,0
2,581,9,0
2,581,8,1
2,581,15,0
2,581,14,0
2,581,17,1
2,581,16,1
2,581,11,1
2,581,10,0
2,581,13,1
2,581,12,1
2,581,19,0
2,581,18,0
2,596,20,1
2,596,21,1
2,596,22,0
2,596,23,1
2,596,25,1
2,596,26,1
2,596,3,1
2,596,5,1
2,596,7,0
2,596,6,1
2,596,9,1
2,596,8,1
2,596,15,1
2,596,14,1
2,596,17,1
2,596,16,1
2,596,10,0
2,596,13,1
2,596,19,0
2,596,18,0
2,616,20,0
2,616,21,1
2,616,22,1
2,616,23,1
2,616,25,0
2,616,26,1
2,616,3,0
2,616,5,1
2,616,7,1
2,616,6,1
2,616,9,1
2,616,8,1
2,616,15,0
2,616,14,1
2,616,17,1
2,616,16,0
2,616,10,0
2,616,13,1
2,616,19,1
2,616,18,1
2,623,20,1
2,623,21,1
2,623,22,1
2,623,23,1
2,623,24,0
2,623,25,0
2,623,26,0
2,623,1,1
2,623,3,1
2,623,2,1
2,623,5,1
2,623,4,1
2,623,7,0
2,623,6,0
2,623,9,0
2,623,8,0
2,623,15,0
2,623,14,1
2,623,17,1
2,623,16,1
2,623,11,0
2,623,10,0
2,623,13,1
2,623,12,1
2,623,19,0
2,623,18,1
2,656,20,1
2,656,21,1
2,656,22,1
2,656,23,1
2,656,24,1
2,656,25,1
2,656,26,0
2,656,1,0
2,656,3,1
2,656,2,1
2,656,5,1
2,656,4,1
2,656,7,0
2,656,6,1
2,656,9,0
2,656,8,0
2,656,15,0
2,656,14,1
2,656,17,1
2,656,16,1
2,656,11,1
2,656,10,1
2,656,13,1
2,656,12,1
2,656,19,1
2,656,18,1
2,673,20,1
2,673,21,1
2,673,22,1
2,673,23,1
2,673,25,1
2,673,26,0
2,673,3,1
2,673,5,1
2,673,7,1
2,673,6,1
2,673,9,1
2,673,8,1
2,673,15,1
2,673,14,1
2,673,17,1
2,673,16,1
2,673,10,1
2,673,13,1
2,673,19,1
2,673,18,1
2,674,20,0
2,674,21,1
2,674,22,1
2,674,23,0
2,674,25,1
2,674,26,0
2,674,3,1
2,674,5,1
2,674,7,1
2,674,6,1
2,674,9,0
2,674,8,1
2,674,15,1
2,674,14,1
2,674,17,1
2,674,16,1
2,674,10,1
2,674,13,1
2,674,19,1
2,674,18,1
2,692,20,1
2,692,21,1
2,692,22,1
2,692,23,1
2,692,25,0
2,692,26,1
2,692,3,1
2,692,5,1
2,692,7,1
2,692,6,1
2,692,9,0
2,692,8,1
2,692,15,1
2,692,14,1
2,692,17,1
2,692,16,1
2,692,10,1
2,692,13,1
2,692,19,1
2,692,18,1
2,694,20,0
2,694,21,1
2,694,22,1
2,694,23,0
2,694,24,0
2,694,25,0
2,694,26,0
2,694,1,1
2,694,3,0
2,694,2,1
2,694,5,0
2,694,4,1
2,694,7,1
2,694,6,0
2,694,9,0
2,694,8,1
2,694,15,1
2,694,14,1
2,694,17,1
2,694,16,0
2,694,11,0
2,694,10,0
2,694,13,1
2,694,12,0
2,694,19,0
2,694,18,1
2,749,20,0
2,749,21,1
2,749,22,1
2,749,23,1
2,749,24,1
2,749,25,0
2,749,26,0
2,749,1,1
2,749,3,0
2,749,2,1
2,749,5,1
2,749,4,0
2,749,7,1
2,749,6,1
2,749,9,1
2,749,8,1
2,749,15,0
2,749,14,1
2,749,17,1
2,749,16,0
2,749,11,1
2,749,10,1
2,749,13,0
2,749,12,1
2,749,19,1
2,749,18,1
2,813,20,1
2,813,21,0
2,813,22,1
2,813,23,1
2,813,24,0
2,813,25,0
2,813,26,0
2,813,1,0
2,813,3,0
2,813,2,1
2,813,5,1
2,813,4,0
2,813,7,0
2,813,6,1
2,813,9,0
2,813,8,1
2,813,15,1
2,813,14,1
2,813,17,1
2,813,16,1
2,813,11,1
2,813,10,0
2,813,13,1
2,813,12,1
2,813,19,0
2,813,18,0
2,821,20,0
2,821,21,1
2,821,22,1
2,821,23,1
2,821,25,0
2,821,26,1
2,821,3,1
2,821,5,1
2,821,7,0
2,821,6,1
2,821,9,0
2,821,8,1
2,821,15,1
2,821,14,1
2,821,17,1
2,821,16,0
2,821,10,0
2,821,13,1
2,821,19,1
2,821,18,1
2,859,20,0
2,859,21,0
2,859,22,1
2,859,23,0
2,859,24,0
2,859,25,0
2,859,26,1
2,859,1,1
2,859,3,0
2,859,2,1
2,859,5,1
2,859,4,1
2,859,7,0
2,859,6,1
2,859,9,0
2,859,8,1
2,859,15,0
2,859,14,1
2,859,17,1
2,859,16,0
2,859,11,1
2,859,10,1
2,859,13,1
2,859,12,0
2,859,19,0
2,859,18,0
2,863,20,1
2,863,21,1
2,863,22,1
2,863,23,1
2,863,25,1
2,863,26,0
2,863,3,1
2,863,5,1
2,863,7,1
2,863,6,1
2,863,9,0
2,863,8,1
2,863,15,1
2,863,14,1
2,863,17,1
2,863,16,0
2,863,10,1
2,863,13,1
2,863,19,1
2,863,18,1
2,866,20,1
2,866,21,0
2,866,22,1
2,866,23,1
2,866,24,0
2,866,25,0
2,866,26,1
2,866,1,1
2,866,3,1
2,866,2,1
2,866,5,1
2,866,4,1
2,866,7,1
2,866,6,1
2,866,9,0
2,866,8,1
2,866,15,0
2,866,14,1
2,866,17,1
2,866,16,1
2,866,11,1
2,866,10,1
2,866,13,1
2,866,12,1
2,866,19,1
2,866,18,1
2,872,20,0
2,872,21,0
2,872,22,1
2,872,23,1
2,872,25,0
2,872,26,0
2,872,3,1
2,872,5,1
2,872,7,0
2,872,6,0
2,872,9,1
2,872,8,1
2,872,15,0
2,872,14,1
2,872,17,1
2,872,16,0
2,872,10,1
2,872,13,1
2,872,19,1
2,872,18,1
2,877,20,1
2,877,21,1
2,877,22,0
2,877,23,0
2,877,25,1
2,877,26,0
2,877,3,1
2,877,5,1
2,877,7,1
2,877,6,1
2,877,9,0
2,877,8,0
2,877,15,0
2,877,14,1
2,877,17,1
2,877,16,1
2,877,10,0
2,877,13,1
2,877,19,1
2,877,18,0
2,889,20,0
2,889,21,1
2,889,22,1
2,889,23,1
2,889,24,1
2,889,25,1
2,889,26,0
2,889,1,1
2,889,3,1
2,889,2,1
2,889,5,1
2,889,4,1
2,889,7,1
2,889,6,1
2,889,9,1
2,889,8,1
2,889,15,0
2,889,14,1
2,889,17,1
2,889,16,1
2,889,11,1
2,889,10,1
2,889,13,1
2,889,12,1
2,889,19,1
2,889,18,1
2,897,20,0
2,897,21,1
2,897,22,0
2,897,23,1
2,897,24,1
2,897,25,1
2,897,26,0
2,897,1,1
2,897,3,0
2,897,2,1
2,897,5,1
2,897,4,1
2,897,7,1
2,897,6,0
2,897,9,1
2,897,8,0
2,897,15,0
2,897,14,1
2,897,17,1
2,897,16,0
2,897,11,1
2,897,10,0
2,897,13,1
2,897,12,0
2,897,19,0
2,897,18,0
2,911,20,0
2,911,21,1
2,911,22,1
2,911,23,1
2,911,24,1
2,911,25,1
2,911,26,0
2,911,1,1
2,911,3,1
2,911,2,1
2,911,5,1
2,911,4,1
2,911,7,1
2,911,6,1
2,911,9,1
2,911,8,1
2,911,15,1
2,911,14,1
2,911,17,1
2,911,16,1
2,911,11,1
2,911,10,0
2,911,13,1
2,911,12,1
2,911,19,1
2,911,18,1
2,929,20,0
2,929,21,1
2,929,22,1
2,929,23,1
2,929,25,1
2,929,26,1
2,929,3,1
2,929,5,1
2,929,7,1
2,929,6,1
2,929,9,1
2,929,8,1
2,929,15,1
2,929,14,1
2,929,17,1
2,929,16,1
2,929,10,1
2,929,13,1
2,929,19,1
2,929,18,1
2,932,20,0
2,932,21,1
2,932,22,1
2,932,23,1
2,932,25,0
2,932,26,0
2,932,3,1
2,932,5,1
2,932,7,0
2,932,6,0
2,932,9,1
2,932,8,0
2,932,15,1
2,932,14,1
2,932,17,1
2,932,16,1
2,932,10,1
2,932,13,1
2,932,19,0
2,932,18,1
2,946,20,1
2,946,21,0
2,946,22,1
2,946,23,1
2,946,25,1
2,946,26,1
2,946,3,1
2,946,5,1
2,946,7,1
2,946,6,1
2,946,9,1
2,946,8,1
2,946,15,1
2,946,14,1
2,946,17,1
2,946,16,1
2,946,10,1
2,946,13,1
2,946,19,1
2,946,18,1
2,969,20,1
2,969,21,0
2,969,22,1
2,969,23,1
2,969,24,1
2,969,25,1
2,969,26,0
2,969,1,1
2,969,3,0
2,969,2,1
2,969,5,1
2,969,4,1
2,969,7,1
2,969,6,0
2,969,9,0
2,969,8,0
2,969,15,0
2,969,14,1
2,969,17,1
2,969,16,0
2,969,11,1
2,969,10,0
2,969,13,1
2,969,12,1
2,969,19,1
2,969,18,1
2,970,20,0
2,970,21,0
2,970,22,1
2,970,23,1
2,970,24,1
2,970,25,1
2,970,26,0
2,970,1,1
2,970,3,1
2,970,2,1
2,970,5,1
2,970,4,1
2,970,7,1
2,970,6,1
2,970,9,0
2,970,8,1
2,970,15,0
2,970,14,1
2,970,17,1
2,970,16,1
2,970,11,1
2,970,10,0
2,970,13,1
2,970,12,1
2,970,19,1
2,970,18,1
2,973,20,1
2,973,21,1
2,973,22,1
2,973,23,1
2,973,24,1
2,973,25,1
2,973,26,0
2,973,1,1
2,973,3,1
2,973,2,1
2,973,5,1
2,973,4,1
2,973,7,1
2,973,6,1
2,973,9,1
2,973,8,1
2,973,15,1
2,973,14,1
2,973,17,1
2,973,16,1
2,973,11,1
2,973,10,1
2,973,13,1
2,973,12,1
2,973,19,1
2,973,18,1
2,986,20,0
2,986,21,1
2,986,22,1
2,986,23,1
2,986,24,1
2,986,25,1
2,986,26,0
2,986,1,1
2,986,3,0
2,986,2,1
2,986,5,1
2,986,4,1
2,986,7,0
2,986,6,1
2,986,9,0
2,986,8,1
2,986,15,0
2,986,14,1
2,986,17,1
2,986,16,1
2,986,11,1
2,986,10,1
2,986,13,1
2,986,12,1
2,986,19,1
2,986,18,0
2,989,20,0
2,989,21,1
2,989,22,1
2,989,23,1
2,989,24,1
2,989,25,0
2,989,26,0
2,989,1,1
2,989,3,1
2,989,2,1
2,989,5,1
2,989,4,1
2,989,7,1
2,989,6,1
2,989,9,1
2,989,8,1
2,989,15,1
2,989,14,1
2,989,17,1
2,989,16,1
2,989,11,1
2,989,10,0
2,989,13,1
2,989,12,1
2,989,19,1
2,989,18,1
3,103,20,0
3,103,21,1
3,103,22,1
3,103,23,1
3,103,1,1
3,103,3,1
3,103,2,1
3,103,5,0
3,103,4,1
3,103,7,1
3,103,6,1
3,103,9,1
3,103,8,1
3,103,15,1
3,103,14,0
3,103,17,1
3,103,16,0
3,103,11,1
3,103,10,1
3,103,13,1
3,103,12,1
3,103,19,1
3,103,18,1
3,115,20,1
3,115,21,1
3,115,22,1
3,115,23,1
3,115,1,0
3,115,3,0
3,115,2,1
3,115,5,0
3,115,4,0
3,115,7,1
3,115,6,1
3,115,9,1
3,115,8,1
3,115,15,0
3,115,14,0
3,115,17,1
3,115,16,1
3,115,11,1
3,115,10,1
3,115,13,1
3,115,12,1
3,115,19,0
3,115,18,0
3,119,20,1
3,119,21,0
3,119,22,1
3,119,23,1
3,119,1,0
3,119,3,1
3,119,2,1
3,119,5,1
3,119,4,1
3,119,7,1
3,119,6,1
3,119,9,1
3,119,8,1
3,119,15,1
3,119,14,0
3,119,17,1
3,119,16,1
3,119,11,1
3,119,10,1
3,119,13,1
3,119,12,1
3,119,19,1
3,119,18,0
3,123,20,1
3,123,21,0
3,123,22,1
3,123,23,1
3,123,1,1
3,123,3,1
3,123,2,1
3,123,5,1
3,123,4,0
3,123,7,0
3,123,6,1
3,123,9,1
3,123,8,0
3,123,15,1
3,123,14,1
3,123,17,1
3,123,16,1
3,123,11,1
3,123,10,1
3,123,13,1
3,123,12,1
3,123,19,0
3,123,18,1
3,140,20,1
3,140,21,1
3,140,22,1
3,140,23,1
3,140,1,0
3,140,3,1
3,140,2,1
3,140,5,1
3,140,4,0
3,140,7,1
3,140,6,1
3,140,9,1
3,140,8,1
3,140,15,1
3,140,14,0
3,140,17,1
3,140,16,0
3,140,11,1
3,140,10,1
3,140,13,1
3,140,12,1
3,140,19,1
3,140,18,0
3,151,20,1
3,151,21,1
3,151,22,1
3,151,23,1
3,151,1,0
3,151,3,1
3,151,2,1
3,151,5,1
3,151,4,1
3,151,7,1
3,151,6,1
3,151,9,1
3,151,8,1
3,151,15,1
3,151,14,1
3,151,17,1
3,151,16,1
3,151,11,1
3,151,10,1
3,151,13,1
3,151,12,1
3,151,19,0
3,151,18,1
3,212,20,1
3,212,21,0
3,212,22,1
3,212,23,1
3,212,1,1
3,212,3,1
3,212,2,1
3,212,5,0
3,212,4,0
3,212,7,1
3,212,6,1
3,212,9,1
3,212,8,0
3,212,15,1
3,212,14,0
3,212,17,1
3,212,16,0
3,212,11,1
3,212,10,0
3,212,13,1
3,212,12,1
3,212,19,0
3,212,18,1
3,214,20,0
3,214,21,1
3,214,22,1
3,214,23,1
3,214,1,0
3,214,3,1
3,214,2,1
3,214,5,0
3,214,4,1
3,214,7,0
3,214,6,1
3,214,9,0
3,214,8,0
3,214,15,0
3,214,14,1
3,214,17,1
3,214,16,0
3,214,11,0
3,214,10,1
3,214,13,1
3,214,12,1
3,214,19,0
3,214,18,0
3,253,20,0
3,253,21,0
3,253,22,1
3,253,23,1
3,253,1,0
3,253,3,0
3,253,2,1
3,253,5,0
3,253,4,1
3,253,7,1
3,253,6,1
3,253,9,1
3,253,8,0
3,253,15,0
3,253,14,0
3,253,17,1
3,253,16,0
3,253,11,1
3,253,10,1
3,253,13,1
3,253,12,1
3,253,19,0
3,253,18,0
3,256,20,1
3,256,21,1
3,256,22,1
3,256,23,0
3,256,1,0
3,256,3,1
3,256,2,1
3,256,5,0
3,256,4,1
3,256,7,1
3,256,6,1
3,256,9,1
3,256,8,1
3,256,15,0
3,256,14,0
3,256,17,1
3,256,16,1
3,256,11,1
3,256,10,1
3,256,13,1
3,256,12,1
3,256,19,1
3,256,18,0
3,291,20,1
3,291,21,0
3,291,22,1
3,291,23,0
3,291,1,1
3,291,3,1
3,291,2,1
3,291,5,0
3,291,4,0
3,291,7,0
3,291,6,1
3,291,9,1
3,291,8,1
3,291,15,0
3,291,14,0
3,291,17,1
3,291,16,0
3,291,11,1
3,291,10,0
3,291,13,0
3,291,12,1
3,291,19,0
3,291,18,1
3,307,20,1
3,307,21,1
3,307,22,1
3,307,23,1
3,307,1,1
3,307,3,1
3,307,2,1
3,307,5,1
3,307,4,1
3,307,7,1
3,307,6,1
3,307,9,1
3,307,8,1
3,307,15,1
3,307,14,1
3,307,17,1
3,307,16,1
3,307,11,1
3,307,10,1
3,307,13,1
3,307,12,1
3,307,19,1
3,307,18,1
3,314,20,1
3,314,21,1
3,314,22,1
3,314,23,1
3,314,1,0
3,314,3,1
3,314,2,1
3,314,5,1
3,314,4,0
3,314,7,1
3,314,6,1
3,314,9,1
3,314,8,1
3,314,15,1
3,314,14,0
3,314,17,1
3,314,16,1
3,314,11,1
3,314,10,1
3,314,13,1
3,314,12,1
3,314,19,1
3,314,18,1
3,326,20,1
3,326,21,0
3,326,22,1
3,326,23,1
3,326,1,0
3,326,3,0
3,326,2,0
3,326,5,0
3,326,4,0
3,326,7,1
3,326,6,1
3,326,9,1
3,326,8,0
3,326,15,0
3,326,14,0
3,326,17,0
3,326,16,1
3,326,11,0
3,326,10,0
3,326,13,1
3,326,12,1
3,326,19,0
3,326,18,0
3,337,20,1
3,337,21,1
3,337,22,1
3,337,23,1
3,337,1,0
3,337,3,1
3,337,2,1
3,337,5,1
3,337,4,1
3,337,7,1
3,337,6,1
3,337,9,1
3,337,8,0
3,337,15,1
3,337,14,0
3,337,17,1
3,337,16,1
3,337,11,1
3,337,10,1
3,337,13,1
3,337,12,1
3,337,19,0
3,337,18,1
3,342,20,0
3,342,21,0
3,342,22,1
3,342,23,1
3,342,1,0
3,342,3,0
3,342,2,1
3,342,5,0
3,342,4,1
3,342,7,1
3,342,6,1
3,342,9,1
3,342,8,0
3,342,15,1
3,342,14,0
3,342,17,1
3,342,16,1
3,342,11,1
3,342,10,0
3,342,13,1
3,342,12,1
3,342,19,0
3,342,18,1
3,363,20,1
3,363,21,1
3,363,22,1
3,363,23,1
3,363,1,1
3,363,3,1
3,363,2,1
3,363,5,1
3,363,4,1
3,363,7,1
3,363,6,1
3,363,9,1
3,363,8,1
3,363,15,0
3,363,14,0
3,363,17,0
3,363,16,0
3,363,11,1
3,363,10,1
3,363,13,1
3,363,12,1
3,363,19,1
3,363,18,0
3,389,20,1
3,389,21,1
3,389,22,1
3,389,23,1
3,389,1,1
3,389,3,1
3,389,2,0
3,389,5,1
3,389,4,0
3,389,7,1
3,389,6,1
3,389,9,1
3,389,8,1
3,389,15,1
3,389,14,0
3,389,17,1
3,389,16,1
3,389,11,1
3,389,10,1
3,389,13,0
3,389,12,1
3,389,19,1
3,389,18,0
3,390,20,1
3,390,21,1
3,390,22,1
3,390,23,1
3,390,1,0
3,390,3,0
3,390,2,1
3,390,5,0
3,390,4,0
3,390,7,1
3,390,6,1
3,390,9,1
3,390,8,0
3,390,15,0
3,390,14,0
3,390,17,1
3,390,16,0
3,390,11,1
3,390,10,1
3,390,13,1
3,390,12,1
3,390,19,1
3,390,18,1
3,395,20,1
3,395,21,1
3,395,22,1
3,395,23,1
3,395,1,0
3,395,3,1
3,395,2,1
3,395,5,0
3,395,4,0
3,395,7,1
3,395,6,1
3,395,9,1
3,395,8,1
3,395,15,0
3,395,14,0
3,395,17,1
3,395,16,0
3,395,11,1
3,395,10,1
3,395,13,1
3,395,12,1
3,395,19,0
3,395,18,1
3,398,20,0
3,398,21,0
3,398,22,1
3,398,23,1
3,398,1,1
3,398,3,1
3,398,2,1
3,398,5,0
3,398,4,1
3,398,7,1
3,398,6,0
3,398,9,1
3,398,8,0
3,398,15,1
3,398,14,1
3,398,17,1
3,398,16,0
3,398,11,1
3,398,10,1
3,398,13,1
3,398,12,1
3,398,19,1
3,398,18,1
3,403,20,1
3,403,21,0
3,403,22,1
3,403,23,1
3,403,1,0
3,403,3,1
3,403,2,1
3,403,5,0
3,403,4,0
3,403,7,0
3,403,6,1
3,403,9,0
3,403,8,1
3,403,15,1
3,403,14,1
3,403,17,0
3,403,16,0
3,403,11,1
3,403,10,0
3,403,13,1
3,403,12,1
3,403,19,0
3,403,18,1
3,419,20,1
3,419,21,0
3,419,22,1
3,419,23,1
3,419,1,1
3,419,3,1
3,419,2,0
3,419,5,0
3,419,4,0
3,419,7,0
3,419,6,1
3,419,9,0
3,419,8,0
3,419,15,0
3,419,14,1
3,419,17,1
3,419,16,1
3,419,11,1
3,419,10,1
3,419,13,1
3,419,12,1
3,419,19,0
3,419,18,0
3,427,20,0
3,427,21,1
3,427,22,1
3,427,23,1
3,427,1,0
3,427,3,1
3,427,2,1
3,427,5,1
3,427,4,0
3,427,7,1
3,427,6,1
3,427,9,1
3,427,8,0
3,427,15,1
3,427,14,0
3,427,17,1
3,427,16,1
3,427,11,1
3,427,10,1
3,427,13,1
3,427,12,1
3,427,19,1
3,427,18,1
3,432,20,0
3,432,21,0
3,432,22,1
3,432,23,1
3,432,1,0
3,432,3,1
3,432,2,1
3,432,5,0
3,432,4,1
3,432,7,0
3,432,6,1
3,432,9,0
3,432,8,0
3,432,15,0
3,432,14,0
3,432,17,1
3,432,16,1
3,432,11,1
3,432,10,1
3,432,13,0
3,432,12,1
3,432,19,1
3,432,18,1
3,433,20,1
3,433,21,1
3,433,22,1
3,433,23,1
3,433,1,0
3,433,3,1
3,433,2,1
3,433,5,1
3,433,4,1
3,433,7,0
3,433,6,1
3,433,9,1
3,433,8,0
3,433,15,1
3,433,14,1
3,433,17,1
3,433,16,1
3,433,11,1
3,433,10,1
3,433,13,1
3,433,12,1
3,433,19,1
3,433,18,1
3,438,20,1
3,438,21,0
3,438,22,1
3,438,23,1
3,438,1,0
3,438,3,0
3,438,2,1
3,438,5,0
3,438,4,0
3,438,7,0
3,438,6,1
3,438,9,0
3,438,8,1
3,438,15,0
3,438,14,0
3,438,17,1
3,438,16,0
3,438,11,0
3,438,10,1
3,438,13,1
3,438,12,1
3,438,19,1
3,438,18,1
3,440,20,1
3,440,21,1
3,440,22,1
3,440,23,1
3,440,1,0
3,440,3,1
3,440,2,0
3,440,5,0
3,440,4,0
3,440,7,1
3,440,6,1
3,440,9,0
3,440,8,0
3,440,15,0
3,440,14,0
3,440,17,1
3,440,16,0
3,440,11,1
3,440,10,0
3,440,13,0
3,440,12,1
3,440,19,0
3,440,18,0
3,460,20,1
3,460,21,1
3,460,22,1
3,460,23,1
3,460,1,0
3,460,3,1
3,460,2,1
3,460,5,1
3,460,4,0
3,460,7,1
3,460,6,1
3,460,9,1
3,460,8,0
3,460,15,0
3,460,14,1
3,460,17,1
3,460,16,1
3,460,11,1
3,460,10,1
3,460,13,1
3,460,12,1
3,460,19,1
3,460,18,0
3,466,20,1
3,466,21,0
3,466,22,1
3,466,23,1
3,466,1,0
3,466,3,1
3,466,2,1
3,466,5,0
3,466,4,0
3,466,7,1
3,466,6,1
3,466,9,1
3,466,8,1
3,466,15,0
3,466,14,1
3,466,17,1
3,466,16,1
3,466,11,1
3,466,10,1
3,466,13,1
3,466,12,0
3,466,19,0
3,466,18,1
3,484,20,0
3,484,21,0
3,484,22,1
3,484,23,1
3,484,1,1
3,484,3,1
3,484,2,1
3,484,5,1
3,484,4,0
3,484,7,0
3,484,6,1
3,484,9,1
3,484,8,0
3,484,15,1
3,484,14,0
3,484,17,1
3,484,16,1
3,484,11,1
3,484,10,1
3,484,13,1
3,484,12,1
3,484,19,0
3,484,18,1
3,490,20,0
3,490,21,0
3,490,22,1
3,490,23,1
3,490,1,1
3,490,3,1
3,490,2,1
3,490,5,1
3,490,4,0
3,490,7,0
3,490,6,1
3,490,9,0
3,490,8,1
3,490,15,1
3,490,14,0
3,490,17,1
3,490,16,1
3,490,11,1
3,490,10,1
3,490,13,1
3,490,12,1
3,490,19,1
3,490,18,1
3,502,20,0
3,502,21,0
3,502,22,1
3,502,23,1
3,502,1,0
3,502,3,1
3,502,2,1
3,502,5,1
3,502,4,1
3,502,7,0
3,502,6,1
3,502,9,0
3,502,8,1
3,502,15,0
3,502,14,0
3,502,17,1
3,502,16,0
3,502,11,1
3,502,10,1
3,502,13,1
3,502,12,1
3,502,19,0
3,502,18,0
3,506,20,1
3,506,21,0
3,506,22,1
3,506,23,1
3,506,1,1
3,506,3,1
3,506,2,0
3,506,5,0
3,506,4,0
3,506,7,0
3,506,6,1
3,506,9,0
3,506,8,1
3,506,15,0
3,506,14,1
3,506,17,1
3,506,16,0
3,506,11,1
3,506,10,1
3,506,13,1
3,506,12,1
3,506,19,0
3,506,18,0
3,514,20,1
3,514,21,1
3,514,22,1
3,514,23,1
3,514,1,0
3,514,3,1
3,514,2,0
3,514,5,0
3,514,4,1
3,514,7,1
3,514,6,1
3,514,9,1
3,514,8,0
3,514,15,0
3,514,14,1
3,514,17,1
3,514,16,1
3,514,11,1
3,514,10,0
3,514,13,1
3,514,12,1
3,514,19,1
3,514,18,1
3,533,20,1
3,533,21,1
3,533,22,1
3,533,23,1
3,533,1,0
3,533,3,1
3,533,2,1
3,533,5,1
3,533,4,1
3,533,7,1
3,533,6,1
3,533,9,1
3,533,8,0
3,533,15,1
3,533,14,0
3,533,17,1
3,533,16,1
3,533,11,1
3,533,10,1
3,533,13,1
3,533,12,1
3,533,19,1
3,533,18,1
3,581,20,1
3,581,21,1
3,581,22,1
3,581,23,1
3,581,1,1
3,581,3,1
3,581,2,1
3,581,5,0
3,581,4,0
3,581,7,0
3,581,6,1
3,581,9,1
3,581,8,1
3,581,15,0
3,581,14,1
3,581,17,1
3,581,16,0
3,581,11,1
3,581,10,1
3,581,13,0
3,581,12,1
3,581,19,0
3,581,18,0
3,596,20,0
3,596,21,0
3,596,22,1
3,596,23,1
3,596,1,0
3,596,3,1
3,596,2,1
3,596,5,0
3,596,4,0
3,596,7,0
3,596,6,1
3,596,9,1
3,596,8,1
3,596,15,1
3,596,14,0
3,596,17,1
3,596,16,0
3,596,11,1
3,596,10,1
3,596,13,0
3,596,12,1
3,596,19,1
3,596,18,0
3,616,20,1
3,616,21,1
3,616,22,1
3,616,23,1
3,616,1,1
3,616,3,1
3,616,2,1
3,616,5,1
3,616,4,1
3,616,7,1
3,616,6,1
3,616,9,1
3,616,8,1
3,616,15,1
3,616,14,0
3,616,17,1
3,616,16,1
3,616,11,1
3,616,10,0
3,616,13,1
3,616,12,1
3,616,19,0
3,616,18,0
3,623,20,1
3,623,21,0
3,623,22,1
3,623,23,1
3,623,1,0
3,623,3,1
3,623,2,1
3,623,5,0
3,623,4,0
3,623,7,0
3,623,6,1
3,623,9,0
3,623,8,0
3,623,15,1
3,623,14,0
3,623,17,0
3,623,16,0
3,623,11,0
3,623,10,0
3,623,13,1
3,623,12,1
3,623,19,0
3,623,18,1
3,656,20,1
3,656,21,1
3,656,22,1
3,656,23,1
3,656,1,1
3,656,3,1
3,656,2,1
3,656,5,1
3,656,4,1
3,656,7,1
3,656,6,1
3,656,9,0
3,656,8,1
3,656,15,1
3,656,14,0
3,656,17,1
3,656,16,1
3,656,11,1
3,656,10,1
3,656,13,1
3,656,12,1
3,656,19,0
3,656,18,0
3,673,20,1
3,673,21,0
3,673,22,1
3,673,23,1
3,673,1,0
3,673,3,1
3,673,2,1
3,673,5,0
3,673,4,1
3,673,7,1
3,673,6,1
3,673,9,1
3,673,8,0
3,673,15,1
3,673,14,1
3,673,17,1
3,673,16,0
3,673,11,1
3,673,10,1
3,673,13,1
3,673,12,1
3,673,19,1
3,673,18,1
3,674,20,1
3,674,21,1
3,674,22,1
3,674,23,0
3,674,1,0
3,674,3,1
3,674,2,1
3,674,5,0
3,674,4,0
3,674,7,1
3,674,6,1
3,674,9,1
3,674,8,1
3,674,15,0
3,674,14,0
3,674,17,1
3,674,16,0
3,674,11,0
3,674,10,1
3,674,13,1
3,674,12,1
3,674,19,0
3,674,18,1
3,692,20,1
3,692,21,1
3,692,22,1
3,692,23,1
3,692,1,0
3,692,3,1
3,692,2,1
3,692,5,1
3,692,4,1
3,692,7,1
3,692,6,1
3,692,9,1
3,692,8,1
3,692,15,1
3,692,14,1
3,692,17,1
3,692,16,1
3,692,11,1
3,692,10,1
3,692,13,1
3,692,12,1
3,692,19,1
3,692,18,1
3,694,20,0
3,694,21,1
3,694,22,1
3,694,23,1
3,694,1,0
3,694,3,0
3,694,2,1
3,694,5,0
3,694,4,0
3,694,7,0
3,694,6,1
3,694,9,1
3,694,8,1
3,694,15,0
3,694,14,0
3,694,17,0
3,694,16,1
3,694,11,0
3,694,10,0
3,694,13,1
3,694,12,1
3,694,19,0
3,694,18,1
3,749,20,1
3,749,21,0
3,749,22,1
3,749,23,1
3,749,1,0
3,749,3,1
3,749,2,1
3,749,5,1
3,749,4,1
3,749,7,0
3,749,6,1
3,749,9,0
3,749,8,1
3,749,15,1
3,749,14,0
3,749,17,0
3,749,16,0
3,749,11,0
3,749,10,1
3,749,13,0
3,749,12,1
3,749,19,0
3,749,18,0
3,813,20,0
3,813,21,0
3,813,22,1
3,813,23,1
3,813,1,0
3,813,3,0
3,813,2,1
3,813,5,0
3,813,4,0
3,813,7,1
3,813,6,1
3,813,9,1
3,813,8,1
3,813,15,0
3,813,14,0
3,813,17,1
3,813,16,1
3,813,11,1
3,813,10,1
3,813,13,1
3,813,12,1
3,813,19,1
3,813,18,1
3,821,20,0
3,821,21,0
3,821,22,1
3,821,23,1
3,821,1,1
3,821,3,1
3,821,2,0
3,821,5,0
3,821,4,0
3,821,7,0
3,821,6,1
3,821,9,1
3,821,8,1
3,821,15,0
3,821,14,1
3,821,17,1
3,821,16,1
3,821,11,1
3,821,10,0
3,821,13,1
3,821,12,1
3,821,19,1
3,821,18,1
3,859,20,0
3,859,21,1
3,859,22,1
3,859,23,1
3,859,1,1
3,859,3,1
3,859,2,0
3,859,5,0
3,859,4,0
3,859,7,1
3,859,6,1
3,859,9,1
3,859,8,1
3,859,15,1
3,859,14,1
3,859,17,1
3,859,16,0
3,859,11,1
3,859,10,1
3,859,13,1
3,859,12,1
3,859,19,0
3,859,18,0
3,863,20,0
3,863,21,0
3,863,22,1
3,863,23,1
3,863,1,0
3,863,3,1
3,863,2,1
3,863,5,0
3,863,4,0
3,863,7,1
3,863,6,1
3,863,9,0
3,863,8,1
3,863,15,0
3,863,14,1
3,863,17,1
3,863,16,1
3,863,11,1
3,863,10,1
3,863,13,1
3,863,12,1
3,863,19,1
3,863,18,0
3,866,20,0
3,866,21,0
3,866,22,0
3,866,23,1
3,866,1,0
3,866,3,0
3,866,2,1
3,866,5,0
3,866,4,0
3,866,7,0
3,866,6,1
3,866,9,1
3,866,8,0
3,866,15,0
3,866,14,0
3,866,17,1
3,866,16,0
3,866,11,1
3,866,10,1
3,866,13,0
3,866,12,1
3,866,19,0
3,866,18,0
3,872,20,1
3,872,21,1
3,872,22,1
3,872,23,1
3,872,1,1
3,872,3,1
3,872,2,1
3,872,5,0
3,872,4,0
3,872,7,0
3,872,6,1
3,872,9,1
3,872,8,0
3,872,15,0
3,872,14,0
3,872,17,1
3,872,16,0
3,872,11,1
3,872,10,1
3,872,13,0
3,872,12,1
3,872,19,1
3,872,18,1
3,877,20,1
3,877,21,1
3,877,22,1
3,877,23,1
3,877,1,0
3,877,3,1
3,877,2,1
3,877,5,0
3,877,4,0
3,877,7,0
3,877,6,1
3,877,9,1
3,877,8,1
3,877,15,0
3,877,14,0
3,877,17,1
3,877,16,0
3,877,11,1
3,877,10,0
3,877,13,1
3,877,12,1
3,877,19,1
3,877,18,0
3,889,20,1
3,889,21,1
3,889,22,1
3,889,23,1
3,889,1,1
3,889,3,1
3,889,2,1
3,889,5,1
3,889,4,0
3,889,7,1
3,889,6,1
3,889,9,1
3,889,8,1
3,889,15,1
3,889,14,0
3,889,17,1
3,889,16,1
3,889,11,1
3,889,10,1
3,889,13,1
3,889,12,0
3,889,19,0
3,889,18,1
3,897,20,1
3,897,21,0
3,897,22,0
3,897,23,1
3,897,1,1
3,897,3,0
3,897,2,0
3,897,5,0
3,897,4,0
3,897,7,0
3,897,6,1
3,897,9,0
3,897,8,1
3,897,15,0
3,897,14,1
3,897,17,0
3,897,16,0
3,897,11,0
3,897,10,1
3,897,13,1
3,897,12,1
3,897,19,1
3,897,18,1
3,911,20,1
3,911,21,1
3,911,22,1
3,911,23,1
3,911,1,1
3,911,3,1
3,911,2,1
3,911,5,0
3,911,4,1
3,911,7,0
3,911,6,1
3,911,9,1
3,911,8,1
3,911,15,0
3,911,14,0
3,911,17,1
3,911,16,1
3,911,11,1
3,911,10,1
3,911,13,1
3,911,12,1
3,911,19,0
3,911,18,1
3,929,20,1
3,929,21,1
3,929,22,1
3,929,23,1
3,929,1,0
3,929,3,1
3,929,2,1
3,929,5,1
3,929,4,1
3,929,7,1
3,929,6,0
3,929,9,0
3,929,8,0
3,929,15,1
3,929,14,0
3,929,17,1
3,929,16,1
3,929,11,1
3,929,10,1
3,929,13,1
3,929,12,1
3,929,19,0
3,929,18,0
3,932,20,1
3,932,21,0
3,932,22,1
3,932,23,1
3,932,1,0
3,932,3,1
3,932,2,1
3,932,5,0
3,932,4,0
3,932,7,0
3,932,6,1
3,932,9,1
3,932,8,1
3,932,15,0
3,932,14,0
3,932,17,1
3,932,16,0
3,932,11,1
3,932,10,1
3,932,13,0
3,932,12,1
3,932,19,1
3,932,18,0
3,946,20,1
3,946,21,1
3,946,22,1
3,946,23,1
3,946,1,0
3,946,3,0
3,946,2,1
3,946,5,1
3,946,4,0
3,946,7,1
3,946,6,1
3,946,9,1
3,946,8,1
3,946,15,0
3,946,14,1
3,946,17,1
3,946,16,1
3,946,11,1
3,946,10,1
3,946,13,1
3,946,12,1
3,946,19,1
3,946,18,1
3,969,20,0
3,969,21,1
3,969,22,1
3,969,23,0
3,969,1,0
3,969,3,1
3,969,2,1
3,969,5,0
3,969,4,0
3,969,7,0
3,969,6,1
3,969,9,0
3,969,8,0
3,969,15,1
3,969,14,1
3,969,17,1
3,969,16,0
3,969,11,1
3,969,10,1
3,969,13,1
3,969,12,1
3,969,19,1
3,969,18,1
3,970,20,0
3,970,21,0
3,970,22,0
3,970,23,0
3,970,1,1
3,970,3,1
3,970,2,0
3,970,5,0
3,970,4,0
3,970,7,0
3,970,6,1
3,970,9,0
3,970,8,0
3,970,15,0
3,970,14,1
3,970,17,0
3,970,16,1
3,970,11,1
3,970,10,0
3,970,13,1
3,970,12,1
3,970,19,0
3,970,18,1
3,973,20,1
3,973,21,1
3,973,22,1
3,973,23,1
3,973,1,0
3,973,3,1
3,973,2,1
3,973,5,1
3,973,4,0
3,973,7,0
3,973,6,0
3,973,9,1
3,973,8,1
3,973,15,0
3,973,14,0
3,973,17,1
3,973,16,1
3,973,11,1
3,973,10,1
3,973,13,1
3,973,12,1
3,973,19,0
3,973,18,1
3,986,20,0
3,986,21,0
3,986,22,1
3,986,23,1
3,986,1,1
3,986,3,1
3,986,2,0
3,986,5,0
3,986,4,0
3,986,7,0
3,986,6,1
3,986,9,1
3,986,8,1
3,986,15,0
3,986,14,0
3,986,17,1
3,986,16,0
3,986,11,0
3,986,10,0
3,986,13,1
3,986,12,1
3,986,19,1
3,986,18,0
3,989,20,1
3,989,21,0
3,989,22,1
3,989,23,1
3,989,1,0
3,989,3,0
3,989,2,1
3,989,5,0
3,989,4,1
3,989,7,1
3,989,6,1
3,989,9,1
3,989,8,0
3,989,15,0
3,989,14,0
3,989,17,0
3,989,16,0
3,989,11,1
3,989,10,1
3,989,13,1
3,989,12,1
3,989,19,1
3,989,18,1
4,100,20,1
4,100,21,1
4,100,22,0
4,100,23,0
4,100,24,1
4,100,25,0
4,100,1,1
4,100,3,0
4,100,2,1
4,100,5,1
4,100,4,1
4,100,7,1
4,100,6,1
4,100,9,1
4,100,8,0
4,100,15,1
4,100,14,1
4,100,17,1
4,100,16,1
4,100,11,1
4,100,10,1
4,100,13,1
4,100,12,0
4,100,19,1
4,100,18,0
4,118,20,0
4,118,21,1
4,118,22,1
4,118,23,1
4,118,24,1
4,118,25,0
4,118,1,1
4,118,3,1
4,118,2,1
4,118,5,1
4,118,4,1
4,118,7,0
4,118,6,1
4,118,9,1
4,118,8,0
4,118,15,0
4,118,14,1
4,118,17,1
4,118,16,1
4,118,11,1
4,118,10,1
4,118,13,1
4,118,12,1
4,118,19,1
4,118,18,1
4,124,20,1
4,124,21,1
4,124,22,0
4,124,23,1
4,124,24,1
4,124,25,0
4,124,1,0
4,124,3,0
4,124,2,1
4,124,5,0
4,124,4,1
4,124,7,0
4,124,6,1
4,124,9,1
4,124,8,0
4,124,15,0
4,124,14,1
4,124,17,1
4,124,16,1
4,124,11,0
4,124,10,1
4,124,13,0
4,124,12,1
4,124,19,1
4,124,18,0
4,153,20,1
4,153,21,1
4,153,22,0
4,153,23,1
4,153,24,1
4,153,25,1
4,153,1,0
4,153,3,0
4,153,2,0
4,153,5,1
4,153,4,1
4,153,7,0
4,153,6,0
4,153,9,1
4,153,8,0
4,153,15,1
4,153,14,0
4,153,17,1
4,153,16,1
4,153,11,1
4,153,10,1
4,153,13,0
4,153,12,1
4,153,19,1
4,153,18,1
4,167,20,1
4,167,21,1
4,167,22,0
4,167,23,1
4,167,24,1
4,167,25,0
4,167,1,0
4,167,3,1
4,167,2,1
4,167,5,0
4,167,4,1
4,167,7,1
4,167,6,0
4,167,9,1
4,167,8,0
4,167,15,1
4,167,14,0
4,167,17,1
4,167,16,1
4,167,11,1
4,167,10,0
4,167,13,0
4,167,12,0
4,167,19,1
4,167,18,1
4,169,20,0
4,169,21,1
4,169,22,0
4,169,23,1
4,169,24,1
4,169,25,1
4,169,1,0
4,169,3,1
4,169,2,1
4,169,5,1
4,169,4,1
4,169,7,0
4,169,6,1
4,169,9,1
4,169,8,0
4,169,15,1
4,169,14,0
4,169,17,1
4,169,16,1
4,169,11,1
4,169,10,1
4,169,13,1
4,169,12,1
4,169,19,1
4,169,18,0
4,189,20,1
4,189,21,1
4,189,22,0
4,189,23,1
4,189,24,1
4,189,25,1
4,189,1,1
4,189,3,1
4,189,2,1
4,189,5,1
4,189,4,1
4,189,7,1
4,189,6,1
4,189,9,1
4,189,8,1
4,189,15,1
4,189,14,1
4,189,17,1
4,189,16,1
4,189,11,1
4,189,10,1
4,189,13,1
4,189,12,1
4,189,19,1
4,189,18,0
4,193,20,1
4,193,21,1
4,193,22,0
4,193,23,1
4,193,24,1
4,193,25,0
4,193,1,1
4,193,3,0
4,193,2,1
4,193,5,0
4,193,4,1
4,193,7,1
4,193,6,1
4,193,9,1
4,193,8,1
4,193,15,0
4,193,14,1
4,193,17,1
4,193,16,1
4,193,11,1
4,193,10,1
4,193,13,1
4,193,12,0
4,193,19,1
4,193,18,1
4,194,20,1
4,194,21,1
4,194,22,0
4,194,23,1
4,194,24,1
4,194,25,0
4,194,1,0
4,194,3,0
4,194,2,0
4,194,5,0
4,194,4,1
4,194,7,1
4,194,6,1
4,194,9,1
4,194,8,0
4,194,15,1
4,194,14,1
4,194,17,1
4,194,16,1
4,194,11,1
4,194,10,1
4,194,13,1
4,194,12,0
4,194,19,1
4,194,18,1
4,203,20,1
4,203,21,1
4,203,22,0
4,203,23,1
4,203,24,1
4,203,25,1
4,203,1,0
4,203,3,0
4,203,2,0
4,203,5,1
4,203,4,1
4,203,7,1
4,203,6,0
4,203,9,1
4,203,8,0
4,203,15,1
4,203,14,1
4,203,17,1
4,203,16,1
4,203,11,1
4,203,10,1
4,203,13,1
4,203,12,1
4,203,19,1
4,203,18,1
4,218,20,0
4,218,21,1
4,218,22,0
4,218,23,1
4,218,24,1
4,218,25,1
4,218,1,0
4,218,3,1
4,218,2,1
4,218,5,0
4,218,4,1
4,218,7,1
4,218,6,1
4,218,9,1
4,218,8,0
4,218,15,1
4,218,14,0
4,218,17,1
4,218,16,0
4,218,11,1
4,218,10,1
4,218,13,1
4,218,12,1
4,218,19,1
4,218,18,0
4,237,20,0
4,237,21,1
4,237,22,1
4,237,23,1
4,237,24,1
4,237,25,0
4,237,1,1
4,237,3,1
4,237,2,0
4,237,5,1
4,237,4,1
4,237,7,1
4,237,6,0
4,237,9,1
4,237,8,1
4,237,15,1
4,237,14,1
4,237,17,1
4,237,16,0
4,237,11,1
4,237,10,0
4,237,13,1
4,237,12,1
4,237,19,1
4,237,18,1
4,239,20,0
4,239,21,1
4,239,22,1
4,239,23,0
4,239,24,1
4,239,25,0
4,239,1,0
4,239,3,0
4,239,2,1
4,239,5,1
4,239,4,0
4,239,7,1
4,239,6,1
4,239,9,1
4,239,8,0
4,239,15,0
4,239,14,0
4,239,17,1
4,239,16,1
4,239,11,1
4,239,10,1
4,239,13,0
4,239,12,1
4,239,19,1
4,239,18,0
4,242,20,0
4,242,21,1
4,242,22,0
4,242,23,1
4,242,24,1
4,242,25,0
4,242,1,1
4,242,3,0
4,242,2,1
4,242,5,0
4,242,4,0
4,242,7,1
4,242,6,1
4,242,9,1
4,242,8,0
4,242,15,0
4,242,14,1
4,242,17,1
4,242,16,1
4,242,11,0
4,242,10,0
4,242,13,0
4,242,12,0
4,242,19,0
4,242,18,1
4,273,20,0
4,273,21,1
4,273,22,0
4,273,23,1
4,273,24,1
4,273,25,0
4,273,1,0
4,273,3,1
4,273,2,0
4,273,5,1
4,273,4,1
4,273,7,0
4,273,6,1
4,273,9,1
4,273,8,1
4,273,15,1
4,273,14,1
4,273,17,1
4,273,16,1
4,273,11,1
4,273,10,1
4,273,13,1
4,273,12,0
4,273,19,1
4,273,18,0
4,276,20,1
4,276,21,0
4,276,22,0
4,276,23,0
4,276,24,1
4,276,25,0
4,276,1,1
4,276,3,1
4,276,2,0
4,276,5,1
4,276,4,1
4,276,7,0
4,276,6,1
4,276,9,1
4,276,8,0
4,276,15,1
4,276,14,1
4,276,17,1
4,276,16,0
4,276,11,1
4,276,10,0
4,276,13,1
4,276,12,1
4,276,19,1
4,276,18,1
4,298,20,1
4,298,21,0
4,298,22,0
4,298,23,0
4,298,24,1
4,298,25,0
4,298,1,0
4,298,3,0
4,298,2,1
4,298,5,0
4,298,4,1
4,298,7,1
4,298,6,1
4,298,9,0
4,298,8,1
4,298,15,1
4,298,14,1
4,298,17,1
4,298,16,1
4,298,11,1
4,298,10,1
4,298,13,1
4,298,12,0
4,298,19,1
4,298,18,0
4,302,20,1
4,302,21,1
4,302,22,0
4,302,23,1
4,302,24,1
4,302,25,0
4,302,1,1
4,302,3,0
4,302,2,1
4,302,5,1
4,302,4,1
4,302,7,1
4,302,6,0
4,302,9,1
4,302,8,0
4,302,15,1
4,302,14,0
4,302,17,1
4,302,16,1
4,302,11,1
4,302,10,1
4,302,13,1
4,302,12,0
4,302,19,1
4,302,18,0
4,313,20,1
4,313,21,1
4,313,22,0
4,313,23,1
4,313,24,1
4,313,25,1
4,313,1,0
4,313,3,1
4,313,2,1
4,313,5,1
4,313,4,1
4,313,7,1
4,313,6,1
4,313,9,1
4,313,8,0
4,313,15,1
4,313,14,1
4,313,17,1
4,313,16,1
4,313,11,1
4,313,10,1
4,313,13,1
4,313,12,1
4,313,19,1
4,313,18,1
4,317,20,1
4,317,21,1
4,317,22,0
4,317,23,1
4,317,24,1
4,317,25,0
4,317,1,0
4,317,3,1
4,317,2,1
4,317,5,0
4,317,4,1
4,317,7,1
4,317,6,1
4,317,9,1
4,317,8,0
4,317,15,1
4,317,14,1
4,317,17,1
4,317,16,1
4,317,11,0
4,317,10,1
4,317,13,1
4,317,12,1
4,317,19,0
4,317,18,0
4,341,20,1
4,341,21,1
4,341,22,0
4,341,23,1
4,341,24,1
4,341,25,0
4,341,1,0
4,341,3,1
4,341,2,1
4,341,5,0
4,341,4,1
4,341,7,1
4,341,6,1
4,341,9,1
4,341,8,0
4,341,15,1
4,341,14,1
4,341,17,1
4,341,16,1
4,341,11,1
4,341,10,1
4,341,13,1
4,341,12,1
4,341,19,1
4,341,18,0
4,356,20,1
4,356,21,0
4,356,22,0
4,356,23,1
4,356,24,1
4,356,25,0
4,356,1,1
4,356,3,1
4,356,2,1
4,356,5,1
4,356,4,1
4,356,7,1
4,356,6,1
4,356,9,1
4,356,8,0
4,356,15,1
4,356,14,1
4,356,17,1
4,356,16,1
4,356,11,1
4,356,10,0
4,356,13,1
4,356,12,0
4,356,19,1
4,356,18,1
4,373,20,1
4,373,21,0
4,373,22,1
4,373,23,1
4,373,24,1
4,373,25,0
4,373,1,1
4,373,3,1
4,373,2,1
4,373,5,0
4,373,4,1
4,373,7,1
4,373,6,1
4,373,9,1
4,373,8,0
4,373,15,1
4,373,14,1
4,373,17,1
4,373,16,1
4,373,11,1
4,373,10,1
4,373,13,1
4,373,12,1
4,373,19,1
4,373,18,0
4,392,20,1
4,392,21,0
4,392,22,0
4,392,23,1
4,392,24,1
4,392,25,1
4,392,1,0
4,392,3,0
4,392,2,1
4,392,5,1
4,392,4,1
4,392,7,1
4,392,6,0
4,392,9,1
4,392,8,1
4,392,15,1
4,392,14,0
4,392,17,1
4,392,16,0
4,392,11,1
4,392,10,1
4,392,13,0
4,392,12,0
4,392,19,1
4,392,18,0
4,399,20,0
4,399,21,1
4,399,22,0
4,399,23,1
4,399,24,1
4,399,25,0
4,399,1,0
4,399,3,1
4,399,2,0
4,399,5,0
4,399,4,1
4,399,7,0
4,399,6,1
4,399,9,1
4,399,8,1
4,399,15,0
4,399,14,1
4,399,17,1
4,399,16,0
4,399,11,0
4,399,10,1
4,399,13,0
4,399,12,1
4,399,19,0
4,399,18,0
4,407,20,1
4,407,21,1
4,407,22,0
4,407,23,1
4,407,24,1
4,407,25,1
4,407,1,0
4,407,3,1
4,407,2,1
4,407,5,0
4,407,4,1
4,407,7,1
4,407,6,1
4,407,9,1
4,407,8,0
4,407,15,0
4,407,14,1
4,407,17,1
4,407,16,1
4,407,11,1
4,407,10,1
4,407,13,1
4,407,12,0
4,407,19,1
4,407,18,1
4,414,20,1
4,414,21,0
4,414,22,0
4,414,23,1
4,414,24,1
4,414,25,0
4,414,1,0
4,414,3,0
4,414,2,1
4,414,5,0
4,414,4,1
4,414,7,1
4,414,6,1
4,414,9,1
4,414,8,0
4,414,15,1
4,414,14,0
4,414,17,1
4,414,16,1
4,414,11,1
4,414,10,1
4,414,13,1
4,414,12,0
4,414,19,1
4,414,18,0
4,437,20,1
4,437,21,1
4,437,22,0
4,437,23,1
4,437,24,1
4,437,25,0
4,437,1,0
4,437,3,0
4,437,2,1
4,437,5,1
4,437,4,1
4,437,7,0
4,437,6,1
4,437,9,1
4,437,8,0
4,437,15,1
4,437,14,1
4,437,17,1
4,437,16,1
4,437,11,0
4,437,10,1
4,437,13,1
4,437,12,0
4,437,19,1
4,437,18,1
4,457,20,1
4,457,21,1
4,457,22,0
4,457,23,1
4,457,24,1
4,457,25,0
4,457,1,1
4,457,3,0
4,457,2,1
4,457,5,0
4,457,4,1
4,457,7,1
4,457,6,1
4,457,9,1
4,457,8,1
4,457,15,1
4,457,14,1
4,457,17,1
4,457,16,0
4,457,11,1
4,457,10,1
4,457,13,1
4,457,12,1
4,457,19,1
4,457,18,1
4,485,20,1
4,485,21,1
4,485,22,0
4,485,23,1
4,485,24,1
4,485,25,0
4,485,1,1
4,485,3,0
4,485,2,1
4,485,5,1
4,485,4,1
4,485,7,1
4,485,6,1
4,485,9,1
4,485,8,0
4,485,15,1
4,485,14,1
4,485,17,1
4,485,16,1
4,485,11,1
4,485,10,1
4,485,13,1
4,485,12,1
4,485,19,1
4,485,18,0
4,520,20,1
4,520,21,1
4,520,22,0
4,520,23,1
4,520,24,0
4,520,25,0
4,520,1,0
4,520,3,1
4,520,2,0
4,520,5,0
4,520,4,1
4,520,7,0
4,520,6,1
4,520,9,1
4,520,8,0
4,520,15,1
4,520,14,1
4,520,17,1
4,520,16,0
4,520,11,1
4,520,10,1
4,520,13,1
4,520,12,0
4,520,19,1
4,520,18,0
4,544,20,1
4,544,21,1
4,544,22,0
4,544,23,1
4,544,24,1
4,544,25,1
4,544,1,1
4,544,3,1
4,544,2,1
4,544,5,1
4,544,4,1
4,544,7,1
4,544,6,1
4,544,9,1
4,544,8,0
4,544,15,1
4,544,14,1
4,544,17,1
4,544,16,1
4,544,11,1
4,544,10,1
4,544,13,1
4,544,12,1
4,544,19,1
4,544,18,0
4,570,20,1
4,570,21,1
4,570,22,0
4,570,23,1
4,570,24,1
4,570,25,0
4,570,1,1
4,570,3,1
4,570,2,1
4,570,5,1
4,570,4,1
4,570,7,1
4,570,6,1
4,570,9,1
4,570,8,0
4,570,15,1
4,570,14,1
4,570,17,1
4,570,16,1
4,570,11,1
4,570,10,1
4,570,13,1
4,570,12,1
4,570,19,1
4,570,18,0
4,585,20,0
4,585,21,0
4,585,22,1
4,585,23,0
4,585,24,1
4,585,25,1
4,585,1,1
4,585,3,0
4,585,2,0
4,585,5,0
4,585,4,1
4,585,7,0
4,585,6,0
4,585,9,1
4,585,8,0
4,585,15,0
4,585,14,1
4,585,17,1
4,585,16,1
4,585,11,1
4,585,10,1
4,585,13,0
4,585,12,0
4,585,19,0
4,585,18,0
4,600,20,1
4,600,21,1
4,600,22,0
4,600,23,1
4,600,24,0
4,600,25,0
4,600,1,1
4,600,3,1
4,600,2,1
4,600,5,1
4,600,4,1
4,600,7,1
4,600,6,1
4,600,9,1
4,600,8,0
4,600,15,1
4,600,14,1
4,600,17,1
4,600,16,1
4,600,11,1
4,600,10,1
4,600,13,1
4,600,12,1
4,600,19,1
4,600,18,0
4,618,20,1
4,618,21,1
4,618,22,0
4,618,23,0
4,618,24,0
4,618,25,1
4,618,1,0
4,618,3,0
4,618,2,0
4,618,5,0
4,618,4,1
4,618,7,0
4,618,6,0
4,618,9,0
4,618,8,0
4,618,15,0
4,618,14,1
4,618,17,1
4,618,16,0
4,618,11,0
4,618,10,1
4,618,13,1
4,618,12,0
4,618,19,0
4,618,18,0
4,625,20,0
4,625,21,1
4,625,22,0
4,625,23,1
4,625,24,1
4,625,25,0
4,625,1,1
4,625,3,1
4,625,2,1
4,625,5,0
4,625,4,1
4,625,7,1
4,625,6,1
4,625,9,1
4,625,8,0
4,625,15,1
4,625,14,1
4,625,17,1
4,625,16,0
4,625,11,1
4,625,10,1
4,625,13,1
4,625,12,0
4,625,19,1
4,625,18,0
4,627,20,1
4,627,21,1
4,627,22,1
4,627,23,1
4,627,24,1
4,627,25,0
4,627,1,0
4,627,3,1
4,627,2,1
4,627,5,0
4,627,4,1
4,627,7,0
4,627,6,1
4,627,9,0
4,627,8,0
4,627,15,0
4,627,14,1
4,627,17,1
4,627,16,1
4,627,11,1
4,627,10,1
4,627,13,1
4,627,12,0
4,627,19,1
4,627,18,0
4,693,20,0
4,693,21,1
4,693,22,1
4,693,23,1
4,693,24,1
4,693,25,1
4,693,1,1
4,693,3,0
4,693,2,0
4,693,5,1
4,693,4,1
4,693,7,0
4,693,6,1
4,693,9,1
4,693,8,1
4,693,15,1
4,693,14,0
4,693,17,1
4,693,16,0
4,693,11,0
4,693,10,1
4,693,13,1
4,693,12,1
4,693,19,1
4,693,18,1
4,742,20,1
4,742,21,1
4,742,22,1
4,742,23,1
4,742,24,1
4,742,25,1
4,742,1,0
4,742,3,1
4,742,2,1
4,742,5,0
4,742,4,0
4,742,7,1
4,742,6,1
4,742,9,1
4,742,8,1
4,742,15,1
4,742,14,0
4,742,17,1
4,742,16,1
4,742,11,1
4,742,10,1
4,742,13,1
4,742,12,0
4,742,19,0
4,742,18,1
4,744,20,1
4,744,21,1
4,744,22,0
4,744,23,0
4,744,24,1
4,744,25,1
4,744,1,1
4,744,3,0
4,744,2,1
4,744,5,0
4,744,4,1
4,744,7,0
4,744,6,1
4,744,9,1
4,744,8,1
4,744,15,1
4,744,14,1
4,744,17,1
4,744,16,1
4,744,11,1
4,744,10,1
4,744,13,0
4,744,12,1
4,744,19,1
4,744,18,1
4,746,20,1
4,746,21,1
4,746,22,0
4,746,23,1
4,746,24,1
4,746,25,0
4,746,1,1
4,746,3,1
4,746,2,1
4,746,5,1
4,746,4,1
4,746,7,1
4,746,6,1
4,746,9,1
4,746,8,0
4,746,15,1
4,746,14,1
4,746,17,1
4,746,16,1
4,746,11,0
4,746,10,1
4,746,13,1
4,746,12,1
4,746,19,1
4,746,18,1
4,752,20,1
4,752,21,1
4,752,22,0
4,752,23,1
4,752,24,1
4,752,25,1
4,752,1,1
4,752,3,1
4,752,2,1
4,752,5,1
4,752,4,1
4,752,7,1
4,752,6,1
4,752,9,1
4,752,8,0
4,752,15,1
4,752,14,1
4,752,17,1
4,752,16,1
4,752,11,1
4,752,10,1
4,752,13,1
4,752,12,0
4,752,19,1
4,752,18,1
4,777,20,1
4,777,21,1
4,777,22,1
4,777,23,1
4,777,24,1
4,777,25,1
4,777,1,1
4,777,3,1
4,777,2,1
4,777,5,0
4,777,4,1
4,777,7,1
4,777,6,1
4,777,9,1
4,777,8,0
4,777,15,1
4,777,14,1
4,777,17,1
4,777,16,1
4,777,11,1
4,777,10,1
4,777,13,1
4,777,12,1
4,777,19,1
4,777,18,1
4,779,20,1
4,779,21,1
4,779,22,1
4,779,23,1
4,779,24,1
4,779,25,1
4,779,1,1
4,779,3,0
4,779,2,1
4,779,5,1
4,779,4,1
4,779,7,1
4,779,6,1
4,779,9,1
4,779,8,1
4,779,15,1
4,779,14,1
4,779,17,1
4,779,16,0
4,779,11,1
4,779,10,1
4,779,13,1
4,779,12,0
4,779,19,1
4,779,18,0
4,847,20,1
4,847,21,1
4,847,22,0
4,847,23,1
4,847,24,1
4,847,25,1
4,847,1,0
4,847,3,1
4,847,2,1
4,847,5,1
4,847,4,1
4,847,7,1
4,847,6,1
4,847,9,1
4,847,8,1
4,847,15,1
4,847,14,1
4,847,17,1
4,847,16,1
4,847,11,1
4,847,10,1
4,847,13,1
4,847,12,1
4,847,19,1
4,847,18,0
4,849,20,1
4,849,21,1
4,849,22,0
4,849,23,1
4,849,24,1
4,849,25,1
4,849,1,1
4,849,3,1
4,849,2,1
4,849,5,1
4,849,4,1
4,849,7,1
4,849,6,1
4,849,9,1
4,849,8,0
4,849,15,1
4,849,14,1
4,849,17,1
4,849,16,1
4,849,11,1
4,849,10,1
4,849,13,1
4,849,12,1
4,849,19,1
4,849,18,0
4,867,20,1
4,867,21,0
4,867,22,0
4,867,23,1
4,867,24,1
4,867,25,1
4,867,1,0
4,867,3,0
4,867,2,0
4,867,5,0
4,867,4,1
4,867,7,1
4,867,6,1
4,867,9,0
4,867,8,0
4,867,15,0
4,867,14,1
4,867,17,1
4,867,16,1
4,867,11,1
4,867,10,1
4,867,13,0
4,867,12,0
4,867,19,0
4,867,18,1
4,869,20,1
4,869,21,1
4,869,22,0
4,869,23,1
4,869,24,1
4,869,25,0
4,869,1,1
4,869,3,1
4,869,2,1
4,869,5,1
4,869,4,1
4,869,7,0
4,869,6,1
4,869,9,1
4,869,8,0
4,869,15,1
4,869,14,1
4,869,17,1
4,869,16,1
4,869,11,1
4,869,10,1
4,869,13,0
4,869,12,0
4,869,19,1
4,869,18,0
4,876,20,1
4,876,21,1
4,876,22,0
4,876,23,1
4,876,24,1
4,876,25,0
4,876,1,0
4,876,3,0
4,876,2,1
4,876,5,0
4,876,4,1
4,876,7,0
4,876,6,1
4,876,9,1
4,876,8,0
4,876,15,1
4,876,14,1
4,876,17,1
4,876,16,0
4,876,11,0
4,876,10,1
4,876,13,1
4,876,12,1
4,876,19,0
4,876,18,0
4,880,20,1
4,880,21,1
4,880,22,0
4,880,23,1
4,880,24,1
4,880,25,1
4,880,1,1
4,880,3,1
4,880,2,1
4,880,5,1
4,880,4,1
4,880,7,1
4,880,6,1
4,880,9,1
4,880,8,1
4,880,15,1
4,880,14,1
4,880,17,1
4,880,16,1
4,880,11,1
4,880,10,1
4,880,13,1
4,880,12,1
4,880,19,1
4,880,18,0
4,886,20,1
4,886,21,0
4,886,22,0
4,886,23,1
4,886,24,1
4,886,25,0
4,886,1,1
4,886,3,1
4,886,2,1
4,886,5,1
4,886,4,1
4,886,7,1
4,886,6,1
4,886,9,1
4,886,8,0
4,886,15,1
4,886,14,1
4,886,17,1
4,886,16,1
4,886,11,0
4,886,10,1
4,886,13,1
4,886,12,1
4,886,19,1
4,886,18,0
4,890,20,0
4,890,21,1
4,890,22,1
4,890,23,1
4,890,24,0
4,890,25,1
4,890,1,1
4,890,3,1
4,890,2,1
4,890,5,1
4,890,4,1
4,890,7,0
4,890,6,1
4,890,9,1
4,890,8,0
4,890,15,0
4,890,14,1
4,890,17,1
4,890,16,1
4,890,11,1
4,890,10,0
4,890,13,1
4,890,12,1
4,890,19,1
4,890,18,1
4,899,20,1
4,899,21,1
4,899,22,0
4,899,23,0
4,899,24,1
4,899,25,0
4,899,1,0
4,899,3,1
4,899,2,0
4,899,5,0
4,899,4,0
4,899,7,1
4,899,6,0
4,899,9,1
4,899,8,0
4,899,15,1
4,899,14,1
4,899,17,1
4,899,16,0
4,899,11,1
4,899,10,1
4,899,13,0
4,899,12,1
4,899,19,0
4,899,18,0
4,913,20,1
4,913,21,1
4,913,22,0
4,913,23,1
4,913,24,1
4,913,25,0
4,913,1,0
4,913,3,0
4,913,2,0
4,913,5,1
4,913,4,1
4,913,7,1
4,913,6,1
4,913,9,0
4,913,8,0
4,913,15,1
4,913,14,1
4,913,17,1
4,913,16,1
4,913,11,1
4,913,10,1
4,913,13,1
4,913,12,1
4,913,19,1
4,913,18,0
4,941,20,0
4,941,21,1
4,941,22,0
4,941,23,1
4,941,24,1
4,941,25,0
4,941,1,1
4,941,3,0
4,941,2,0
4,941,5,0
4,941,4,0
4,941,7,0
4,941,6,0
4,941,9,0
4,941,8,0
4,941,15,1
4,941,14,0
4,941,17,1
4,941,16,0
4,941,11,1
4,941,10,1
4,941,13,1
4,941,12,1
4,941,19,1
4,941,18,1
4,947,20,1
4,947,21,1
4,947,22,0
4,947,23,1
4,947,24,1
4,947,25,0
4,947,1,0
4,947,3,0
4,947,2,1
4,947,5,1
4,947,4,1
4,947,7,0
4,947,6,1
4,947,9,1
4,947,8,0
4,947,15,0
4,947,14,0
4,947,17,1
4,947,16,1
4,947,11,1
4,947,10,1
4,947,13,1
4,947,12,0
4,947,19,1
4,947,18,0
4,948,20,1
4,948,21,0
4,948,22,1
4,948,23,1
4,948,24,1
4,948,25,0
4,948,1,1
4,948,3,1
4,948,2,0
4,948,5,1
4,948,4,1
4,948,7,1
4,948,6,1
4,948,9,1
4,948,8,1
4,948,15,1
4,948,14,1
4,948,17,1
4,948,16,1
4,948,11,1
4,948,10,1
4,948,13,1
4,948,12,1
4,948,19,1
4,948,18,1
4,975,20,1
4,975,21,1
4,975,22,0
4,975,23,1
4,975,24,1
4,975,25,1
4,975,1,0
4,975,3,1
4,975,2,1
4,975,5,1
4,975,4,1
4,975,7,1
4,975,6,1
4,975,9,1
4,975,8,1
4,975,15,1
4,975,14,1
4,975,17,1
4,975,16,1
4,975,11,1
4,975,10,1
4,975,13,1
4,975,12,1
4,975,19,1
4,975,18,1
4,993,20,1
4,993,21,0
4,993,22,1
4,993,23,0
4,993,24,1
4,993,25,0
4,993,1,1
4,993,3,0
4,993,2,1
4,993,5,0
4,993,4,1
4,993,7,1
4,993,6,1
4,993,9,1
4,993,8,0
4,993,15,0
4,993,14,0
4,993,17,1
4,993,16,1
4,993,11,0
4,993,10,0
4,993,13,1
4,993,12,1
4,993,19,1
4,993,18,1
5,100,20,1
5,100,21,1
5,100,22,1
5,100,23,1
5,100,24,1
5,100,25,1
5,100,1,1
5,100,3,0
5,100,2,1
5,100,5,1
5,100,4,1
5,100,7,1
5,100,6,1
5,100,9,0
5,100,8,1
5,100,15,1
5,100,14,1
5,100,17,1
5,100,16,1
5,100,11,0
5,100,10,1
5,100,13,0
5,100,12,1
5,100,19,1
5,100,18,0
5,118,20,0
5,118,21,1
5,118,22,1
5,118,23,0
5,118,24,1
5,118,25,1
5,118,1,1
5,118,3,1
5,118,2,1
5,118,5,1
5,118,4,1
5,118,7,0
5,118,6,1
5,118,9,1
5,118,8,0
5,118,15,1
5,118,14,0
5,118,17,1
5,118,16,0
5,118,11,1
5,118,10,0
5,118,13,1
5,118,12,0
5,118,19,1
5,118,18,0
5,124,20,0
5,124,21,1
5,124,22,0
5,124,23,1
5,124,24,1
5,124,25,1
5,124,1,1
5,124,3,1
5,124,2,1
5,124,5,0
5,124,4,0
5,124,7,1
5,124,6,1
5,124,9,1
5,124,8,1
5,124,15,1
5,124,14,0
5,124,17,1
5,124,16,0
5,124,11,1
5,124,10,1
5,124,13,1
5,124,12,1
5,124,19,1
5,124,18,1
5,153,20,1
5,153,21,1
5,153,22,0
5,153,23,1
5,153,24,0
5,153,25,1
5,153,1,1
5,153,3,1
5,153,2,1
5,153,5,1
5,153,4,1
5,153,7,0
5,153,6,1
5,153,9,0
5,153,8,0
5,153,15,1
5,153,14,0
5,153,17,1
5,153,16,0
5,153,11,0
5,153,10,0
5,153,13,1
5,153,12,1
5,153,19,1
5,153,18,1
5,167,20,1
5,167,21,0
5,167,22,0
5,167,23,1
5,167,24,1
5,167,25,1
5,167,1,1
5,167,3,1
5,167,2,0
5,167,5,1
5,167,4,0
5,167,7,1
5,167,6,1
5,167,9,1
5,167,8,1
5,167,15,1
5,167,14,0
5,167,17,1
5,167,16,0
5,167,11,1
5,167,10,0
5,167,13,1
5,167,12,1
5,167,19,1
5,167,18,1
5,169,20,0
5,169,21,1
5,169,22,1
5,169,23,1
5,169,24,0
5,169,25,1
5,169,1,1
5,169,3,1
5,169,2,1
5,169,5,1
5,169,4,0
5,169,7,1
5,169,6,1
5,169,9,1
5,169,8,1
5,169,15,1
5,169,14,1
5,169,17,1
5,169,16,1
5,169,11,1
5,169,10,1
5,169,13,1
5,169,12,1
5,169,19,1
5,169,18,0
5,189,20,0
5,189,21,0
5,189,22,1
5,189,23,1
5,189,24,1
5,189,25,0
5,189,1,0
5,189,3,1
5,189,2,1
5,189,5,1
5,189,4,0
5,189,7,0
5,189,6,0
5,189,9,0
5,189,8,1
5,189,15,1
5,189,14,1
5,189,17,1
5,189,16,0
5,189,11,1
5,189,10,1
5,189,13,0
5,189,12,1
5,189,19,1
5,189,18,1
5,193,20,0
5,193,21,1
5,193,22,1
5,193,23,1
5,193,24,0
5,193,25,0
5,193,1,1
5,193,3,1
5,193,2,1
5,193,5,1
5,193,4,0
5,193,7,1
5,193,6,1
5,193,9,1
5,193,8,1
5,193,15,0
5,193,14,1
5,193,17,1
5,193,16,0
5,193,11,1
5,193,10,1
5,193,13,1
5,193,12,0
5,193,19,1
5,193,18,1
5,194,20,1
5,194,21,1
5,194,22,1
5,194,23,1
5,194,24,0
5,194,25,0
5,194,1,1
5,194,3,1
5,194,2,1
5,194,5,1
5,194,4,1
5,194,7,1
5,194,6,1
5,194,9,0
5,194,8,1
5,194,15,1
5,194,14,1
5,194,17,1
5,194,16,0
5,194,11,1
5,194,10,1
5,194,13,1
5,194,12,1
5,194,19,1
5,194,18,1
5,203,20,0
5,203,21,0
5,203,22,1
5,203,23,1
5,203,24,1
5,203,25,1
5,203,1,1
5,203,3,1
5,203,2,1
5,203,5,1
5,203,4,1
5,203,7,1
5,203,6,1
5,203,9,1
5,203,8,1
5,203,15,1
5,203,14,0
5,203,17,1
5,203,16,1
5,203,11,1
5,203,10,1
5,203,13,1
5,203,12,1
5,203,19,1
5,203,18,1
5,218,20,0
5,218,21,1
5,218,22,0
5,218,23,0
5,218,24,0
5,218,25,1
5,218,1,0
5,218,3,0
5,218,2,0
5,218,5,1
5,218,4,0
5,218,7,1
5,218,6,0
5,218,9,1
5,218,8,0
5,218,15,1
5,218,14,0
5,218,17,1
5,218,16,1
5,218,11,0
5,218,10,1
5,218,13,0
5,218,12,1
5,218,19,1
5,218,18,0
5,237,20,0
5,237,21,1
5,237,22,1
5,237,23,0
5,237,24,0
5,237,25,0
5,237,1,1
5,237,3,1
5,237,2,1
5,237,5,1
5,237,4,1
5,237,7,1
5,237,6,1
5,237,9,0
5,237,8,1
5,237,15,1
5,237,14,0
5,237,17,1
5,237,16,0
5,237,11,1
5,237,10,0
5,237,13,1
5,237,12,0
5,237,19,1
5,237,18,0
5,239,20,0
5,239,21,0
5,239,22,0
5,239,23,1
5,239,24,0
5,239,25,0
5,239,1,1
5,239,3,0
5,239,2,1
5,239,5,1
5,239,4,0
5,239,7,0
5,239,6,0
5,239,9,0
5,239,8,1
5,239,15,1
5,239,14,0
5,239,17,1
5,239,16,1
5,239,11,0
5,239,10,0
5,239,13,1
5,239,12,1
5,239,19,1
5,239,18,0
5,242,20,0
5,242,21,1
5,242,22,1
5,242,23,0
5,242,24,0
5,242,25,0
5,242,1,1
5,242,3,1
5,242,2,1
5,242,5,0
5,242,4,0
5,242,7,0
5,242,6,0
5,242,9,1
5,242,8,1
5,242,15,1
5,242,14,1
5,242,17,1
5,242,16,1
5,242,11,1
5,242,10,0
5,242,13,1
5,242,12,0
5,242,19,1
5,242,18,0
5,273,20,0
5,273,21,1
5,273,22,0
5,273,23,0
5,273,24,1
5,273,25,1
5,273,1,1
5,273,3,1
5,273,2,1
5,273,5,1
5,273,4,1
5,273,7,1
5,273,6,0
5,273,9,0
5,273,8,1
5,273,15,1
5,273,14,0
5,273,17,1
5,273,16,1
5,273,11,1
5,273,10,1
5,273,13,1
5,273,12,1
5,273,19,1
5,273,18,1
5,276,20,0
5,276,21,1
5,276,22,1
5,276,23,0
5,276,24,0
5,276,25,0
5,276,1,1
5,276,3,1
5,276,2,1
5,276,5,0
5,276,4,1
5,276,7,0
5,276,6,1
5,276,9,1
5,276,8,1
5,276,15,1
5,276,14,0
5,276,17,1
5,276,16,0
5,276,11,1
5,276,10,1
5,276,13,1
5,276,12,0
5,276,19,1
5,276,18,0
5,298,20,1
5,298,21,1
5,298,22,1
5,298,23,1
5,298,24,0
5,298,25,0
5,298,1,1
5,298,3,1
5,298,2,1
5,298,5,0
5,298,4,1
5,298,7,0
5,298,6,1
5,298,9,1
5,298,8,1
5,298,15,1
5,298,14,1
5,298,17,1
5,298,16,0
5,298,11,1
5,298,10,1
5,298,13,1
5,298,12,1
5,298,19,1
5,298,18,1
5,302,20,0
5,302,21,1
5,302,22,1
5,302,23,1
5,302,24,1
5,302,25,0
5,302,1,1
5,302,3,0
5,302,2,0
5,302,5,0
5,302,4,0
5,302,7,1
5,302,6,0
5,302,9,1
5,302,8,1
5,302,15,0
5,302,14,1
5,302,17,1
5,302,16,0
5,302,11,1
5,302,10,1
5,302,13,1
5,302,12,1
5,302,19,1
5,302,18,1
5,313,20,1
5,313,21,1
5,313,22,1
5,313,23,1
5,313,24,0
5,313,25,0
5,313,1,1
5,313,3,1
5,313,2,1
5,313,5,1
5,313,4,1
5,313,7,0
5,313,6,1
5,313,9,1
5,313,8,1
5,313,15,1
5,313,14,1
5,313,17,1
5,313,16,0
5,313,11,1
5,313,10,1
5,313,13,1
5,313,12,1
5,313,19,1
5,313,18,1
5,317,20,0
5,317,21,1
5,317,22,1
5,317,23,0
5,317,24,0
5,317,25,0
5,317,1,1
5,317,3,1
5,317,2,1
5,317,5,1
5,317,4,0
5,317,7,1
5,317,6,1
5,317,9,0
5,317,8,1
5,317,15,1
5,317,14,0
5,317,17,1
5,317,16,1
5,317,11,1
5,317,10,0
5,317,13,1
5,317,12,1
5,317,19,1
5,317,18,1
5,341,20,1
5,341,21,1
5,341,22,1
5,341,23,1
5,341,24,0
5,341,25,1
5,341,1,1
5,341,3,1
5,341,2,1
5,341,5,1
5,341,4,1
5,341,7,1
5,341,6,1
5,341,9,1
5,341,8,0
5,341,15,1
5,341,14,1
5,341,17,1
5,341,16,0
5,341,11,1
5,341,10,1
5,341,13,1
5,341,12,1
5,341,19,1
5,341,18,1
5,356,20,0
5,356,21,1
5,356,22,1
5,356,23,0
5,356,24,1
5,356,25,1
5,356,1,1
5,356,3,1
5,356,2,1
5,356,5,1
5,356,4,1
5,356,7,1
5,356,6,1
5,356,9,1
5,356,8,0
5,356,15,1
5,356,14,0
5,356,17,1
5,356,16,0
5,356,11,1
5,356,10,1
5,356,13,1
5,356,12,1
5,356,19,1
5,356,18,0
5,373,20,0
5,373,21,1
5,373,22,1
5,373,23,0
5,373,24,0
5,373,25,0
5,373,1,1
5,373,3,1
5,373,2,1
5,373,5,0
5,373,4,0
5,373,7,1
5,373,6,0
5,373,9,1
5,373,8,0
5,373,15,1
5,373,14,1
5,373,17,1
5,373,16,1
5,373,11,1
5,373,10,1
5,373,13,1
5,373,12,1
5,373,19,1
5,373,18,0
5,392,20,0
5,392,21,0
5,392,22,1
5,392,23,1
5,392,24,0
5,392,25,0
5,392,1,1
5,392,3,1
5,392,2,0
5,392,5,1
5,392,4,0
5,392,7,1
5,392,6,1
5,392,9,1
5,392,8,1
5,392,15,1
5,392,14,1
5,392,17,1
5,392,16,0
5,392,11,0
5,392,10,1
5,392,13,1
5,392,12,1
5,392,19,1
5,392,18,1
5,399,20,0
5,399,21,1
5,399,22,1
5,399,23,1
5,399,24,1
5,399,25,0
5,399,1,1
5,399,3,1
5,399,2,1
5,399,5,1
5,399,4,1
5,399,7,1
5,399,6,1
5,399,9,1
5,399,8,0
5,399,15,1
5,399,14,1
5,399,17,1
5,399,16,1
5,399,11,1
5,399,10,1
5,399,13,1
5,399,12,1
5,399,19,1
5,399,18,1
5,407,20,1
5,407,21,1
5,407,22,0
5,407,23,1
5,407,24,0
5,407,25,1
5,407,1,1
5,407,3,0
5,407,2,1
5,407,5,1
5,407,4,1
5,407,7,1
5,407,6,0
5,407,9,1
5,407,8,1
5,407,15,1
5,407,14,1
5,407,17,1
5,407,16,0
5,407,11,1
5,407,10,1
5,407,13,1
5,407,12,1
5,407,19,1
5,407,18,1
5,414,20,0
5,414,21,0
5,414,22,1
5,414,23,0
5,414,24,0
5,414,25,1
5,414,1,1
5,414,3,1
5,414,2,1
5,414,5,1
5,414,4,0
5,414,7,1
5,414,6,0
5,414,9,0
5,414,8,1
5,414,15,1
5,414,14,0
5,414,17,1
5,414,16,1
5,414,11,0
5,414,10,1
5,414,13,1
5,414,12,1
5,414,19,1
5,414,18,0
5,437,20,0
5,437,21,0
5,437,22,1
5,437,23,1
5,437,24,0
5,437,25,1
5,437,1,0
5,437,3,0
5,437,2,0
5,437,5,1
5,437,4,0
5,437,7,1
5,437,6,0
5,437,9,0
5,437,8,1
5,437,15,1
5,437,14,1
5,437,17,1
5,437,16,0
5,437,11,1
5,437,10,1
5,437,13,1
5,437,12,1
5,437,19,1
5,437,18,1
5,457,20,1
5,457,21,1
5,457,22,0
5,457,23,1
5,457,24,1
5,457,25,1
5,457,1,1
5,457,3,1
5,457,2,1
5,457,5,1
5,457,4,1
5,457,7,1
5,457,6,1
5,457,9,1
5,457,8,1
5,457,15,1
5,457,14,1
5,457,17,1
5,457,16,1
5,457,11,1
5,457,10,1
5,457,13,1
5,457,12,1
5,457,19,1
5,457,18,1
5,485,20,1
5,485,21,1
5,485,22,1
5,485,23,0
5,485,24,1
5,485,25,0
5,485,1,0
5,485,3,0
5,485,2,0
5,485,5,1
5,485,4,0
5,485,7,1
5,485,6,1
5,485,9,0
5,485,8,1
5,485,15,1
5,485,14,1
5,485,17,1
5,485,16,0
5,485,11,1
5,485,10,1
5,485,13,1
5,485,12,1
5,485,19,1
5,485,18,1
5,520,20,0
5,520,21,1
5,520,22,0
5,520,23,1
5,520,24,0
5,520,25,1
5,520,1,0
5,520,3,1
5,520,2,0
5,520,5,1
5,520,4,0
5,520,7,1
5,520,6,1
5,520,9,1
5,520,8,1
5,520,15,1
5,520,14,0
5,520,17,1
5,520,16,1
5,520,11,1
5,520,10,1
5,520,13,1
5,520,12,1
5,520,19,1
5,520,18,1
5,544,20,1
5,544,21,1
5,544,22,1
5,544,23,0
5,544,24,0
5,544,25,0
5,544,1,1
5,544,3,1
5,544,2,1
5,544,5,1
5,544,4,1
5,544,7,1
5,544,6,1
5,544,9,1
5,544,8,0
5,544,15,1
5,544,14,0
5,544,17,1
5,544,16,1
5,544,11,1
5,544,10,1
5,544,13,1
5,544,12,1
5,544,19,1
5,544,18,1
5,570,20,1
5,570,21,1
5,570,22,1
5,570,23,1
5,570,24,0
5,570,25,1
5,570,1,1
5,570,3,1
5,570,2,1
5,570,5,1
5,570,4,0
5,570,7,1
5,570,6,1
5,570,9,1
5,570,8,1
5,570,15,1
5,570,14,0
5,570,17,1
5,570,16,1
5,570,11,1
5,570,10,1
5,570,13,1
5,570,12,1
5,570,19,1
5,570,18,1
5,585,20,0
5,585,21,0
5,585,22,0
5,585,23,1
5,585,24,0
5,585,25,1
5,585,1,0
5,585,3,1
5,585,2,0
5,585,5,0
5,585,4,1
5,585,7,1
5,585,6,0
5,585,9,0
5,585,8,1
5,585,15,0
5,585,14,0
5,585,17,0
5,585,16,0
5,585,11,1
5,585,10,1
5,585,13,1
5,585,12,1
5,585,19,1
5,585,18,1
5,600,20,0
5,600,21,1
5,600,22,1
5,600,23,1
5,600,24,0
5,600,25,0
5,600,1,1
5,600,3,1
5,600,2,1
5,600,5,1
5,600,4,0
5,600,7,1
5,600,6,1
5,600,9,1
5,600,8,1
5,600,15,1
5,600,14,0
5,600,17,1
5,600,16,0
5,600,11,1
5,600,10,1
5,600,13,1
5,600,12,1
5,600,19,1
5,600,18,0
5,618,20,0
5,618,21,0
5,618,22,1
5,618,23,1
5,618,24,0
5,618,25,0
5,618,1,0
5,618,3,1
5,618,2,0
5,618,5,1
5,618,4,1
5,618,7,1
5,618,6,1
5,618,9,0
5,618,8,1
5,618,15,1
5,618,14,1
5,618,17,0
5,618,16,0
5,618,11,1
5,618,10,1
5,618,13,1
5,618,12,0
5,618,19,1
5,618,18,0
5,625,20,0
5,625,21,0
5,625,22,0
5,625,23,0
5,625,24,1
5,625,25,0
5,625,1,0
5,625,3,0
5,625,2,1
5,625,5,1
5,625,4,0
5,625,7,1
5,625,6,1
5,625,9,1
5,625,8,1
5,625,15,1
5,625,14,0
5,625,17,1
5,625,16,0
5,625,11,1
5,625,10,1
5,625,13,1
5,625,12,1
5,625,19,1
5,625,18,0
5,627,20,1
5,627,21,1
5,627,22,1
5,627,23,1
5,627,24,1
5,627,25,0
5,627,1,1
5,627,3,1
5,627,2,0
5,627,5,1
5,627,4,1
5,627,7,1
5,627,6,0
5,627,9,0
5,627,8,1
5,627,15,1
5,627,14,0
5,627,17,0
5,627,16,1
5,627,11,1
5,627,10,1
5,627,13,1
5,627,12,1
5,627,19,1
5,627,18,1
5,693,20,0
5,693,21,1
5,693,22,1
5,693,23,1
5,693,24,0
5,693,25,0
5,693,1,1
5,693,3,1
5,693,2,0
5,693,5,1
5,693,4,1
5,693,7,1
5,693,6,1
5,693,9,1
5,693,8,1
5,693,15,1
5,693,14,1
5,693,17,1
5,693,16,0
5,693,11,1
5,693,10,1
5,693,13,1
5,693,12,0
5,693,19,1
5,693,18,1
5,742,20,1
5,742,21,1
5,742,22,1
5,742,23,1
5,742,24,0
5,742,25,1
5,742,1,1
5,742,3,1
5,742,2,0
5,742,5,0
5,742,4,1
5,742,7,1
5,742,6,1
5,742,9,1
5,742,8,1
5,742,15,1
5,742,14,0
5,742,17,1
5,742,16,0
5,742,11,1
5,742,10,0
5,742,13,1
5,742,12,1
5,742,19,1
5,742,18,1
5,744,20,0
5,744,21,0
5,744,22,1
5,744,23,1
5,744,24,0
5,744,25,0
5,744,1,0
5,744,3,1
5,744,2,0
5,744,5,1
5,744,4,0
5,744,7,1
5,744,6,0
5,744,9,1
5,744,8,1
5,744,15,0
5,744,14,0
5,744,17,1
5,744,16,0
5,744,11,1
5,744,10,1
5,744,13,0
5,744,12,1
5,744,19,1
5,744,18,1
5,746,20,0
5,746,21,0
5,746,22,1
5,746,23,1
5,746,24,0
5,746,25,1
5,746,1,1
5,746,3,1
5,746,2,0
5,746,5,1
5,746,4,0
5,746,7,1
5,746,6,0
5,746,9,1
5,746,8,1
5,746,15,1
5,746,14,0
5,746,17,1
5,746,16,1
5,746,11,1
5,746,10,0
5,746,13,1
5,746,12,1
5,746,19,1
5,746,18,1
5,752,20,1
5,752,21,1
5,752,22,1
5,752,23,0
5,752,24,1
5,752,25,1
5,752,1,1
5,752,3,1
5,752,2,1
5,752,5,1
5,752,4,1
5,752,7,1
5,752,6,1
5,752,9,0
5,752,8,1
5,752,15,1
5,752,14,1
5,752,17,1
5,752,16,0
5,752,11,1
5,752,10,1
5,752,13,1
5,752,12,1
5,752,19,1
5,752,18,1
5,777,20,1
5,777,21,1
5,777,22,1
5,777,23,1
5,777,24,1
5,777,25,1
5,777,1,1
5,777,3,1
5,777,2,1
5,777,5,1
5,777,4,1
5,777,7,1
5,777,6,1
5,777,9,1
5,777,8,1
5,777,15,1
5,777,14,1
5,777,17,1
5,777,16,0
5,777,11,1
5,777,10,0
5,777,13,1
5,777,12,1
5,777,19,1
5,777,18,1
5,779,20,1
5,779,21,1
5,779,22,1
5,779,23,1
5,779,24,0
5,779,25,1
5,779,1,1
5,779,3,1
5,779,2,1
5,779,5,1
5,779,4,0
5,779,7,1
5,779,6,1
5,779,9,0
5,779,8,1
5,779,15,1
5,779,14,0
5,779,17,1
5,779,16,1
5,779,11,1
5,779,10,1
5,779,13,1
5,779,12,1
5,779,19,1
5,779,18,1
5,847,20,1
5,847,21,1
5,847,22,0
5,847,23,1
5,847,24,1
5,847,25,1
5,847,1,0
5,847,3,0
5,847,2,1
5,847,5,1
5,847,4,1
5,847,7,1
5,847,6,1
5,847,9,1
5,847,8,1
5,847,15,1
5,847,14,1
5,847,17,1
5,847,16,0
5,847,11,1
5,847,10,0
5,847,13,1
5,847,12,0
5,847,19,1
5,847,18,0
5,849,20,1
5,849,21,1
5,849,22,1
5,849,23,1
5,849,24,0
5,849,25,0
5,849,1,1
5,849,3,1
5,849,2,1
5,849,5,1
5,849,4,1
5,849,7,0
5,849,6,1
5,849,9,1
5,849,8,0
5,849,15,1
5,849,14,1
5,849,17,1
5,849,16,0
5,849,11,1
5,849,10,1
5,849,13,1
5,849,12,1
5,849,19,1
5,849,18,0
5,867,20,1
5,867,21,1
5,867,22,0
5,867,23,1
5,867,24,0
5,867,25,1
5,867,1,0
5,867,3,1
5,867,2,0
5,867,5,1
5,867,4,1
5,867,7,1
5,867,6,0
5,867,9,1
5,867,8,1
5,867,15,1
5,867,14,1
5,867,17,1
5,867,16,1
5,867,11,1
5,867,10,1
5,867,13,0
5,867,12,1
5,867,19,1
5,867,18,0
5,869,20,0
5,869,21,0
5,869,22,1
5,869,23,1
5,869,24,1
5,869,25,0
5,869,1,1
5,869,3,0
5,869,2,1
5,869,5,0
5,869,4,0
5,869,7,1
5,869,6,1
5,869,9,0
5,869,8,1
5,869,15,1
5,869,14,0
5,869,17,1
5,869,16,1
5,869,11,1
5,869,10,1
5,869,13,0
5,869,12,0
5,869,19,1
5,869,18,1
5,876,20,0
5,876,21,0
5,876,22,0
5,876,23,1
5,876,24,0
5,876,25,0
5,876,1,0
5,876,3,0
5,876,2,1
5,876,5,0
5,876,4,0
5,876,7,0
5,876,6,0
5,876,9,0
5,876,8,0
5,876,15,1
5,876,14,0
5,876,17,1
5,876,16,1
5,876,11,1
5,876,10,1
5,876,13,1
5,876,12,1
5,876,19,1
5,876,18,0
5,880,20,1
5,880,21,1
5,880,22,1
5,880,23,0
5,880,24,1
5,880,25,1
5,880,1,1
5,880,3,1
5,880,2,1
5,880,5,1
5,880,4,1
5,880,7,0
5,880,6,1
5,880,9,1
5,880,8,1
5,880,15,1
5,880,14,1
5,880,17,1
5,880,16,1
5,880,11,1
5,880,10,1
5,880,13,1
5,880,12,1
5,880,19,1
5,880,18,1
5,886,20,1
5,886,21,1
5,886,22,1
5,886,23,0
5,886,24,0
5,886,25,0
5,886,1,1
5,886,3,1
5,886,2,1
5,886,5,0
5,886,4,1
5,886,7,1
5,886,6,0
5,886,9,0
5,886,8,1
5,886,15,1
5,886,14,1
5,886,17,1
5,886,16,1
5,886,11,1
5,886,10,0
5,886,13,1
5,886,12,1
5,886,19,1
5,886,18,1
5,890,20,0
5,890,21,1
5,890,22,1
5,890,23,0
5,890,24,1
5,890,25,0
5,890,1,1
5,890,3,1
5,890,2,1
5,890,5,1
5,890,4,1
5,890,7,0
5,890,6,1
5,890,9,0
5,890,8,1
5,890,15,1
5,890,14,0
5,890,17,1
5,890,16,0
5,890,11,1
5,890,10,0
5,890,13,1
5,890,12,1
5,890,19,1
5,890,18,0
5,899,20,0
5,899,21,1
5,899,22,0
5,899,23,1
5,899,24,0
5,899,25,0
5,899,1,1
5,899,3,1
5,899,2,1
5,899,5,1
5,899,4,0
5,899,7,1
5,899,6,1
5,899,9,1
5,899,8,1
5,899,15,1
5,899,14,0
5,899,17,1
5,899,16,0
5,899,11,1
5,899,10,0
5,899,13,1
5,899,12,1
5,899,19,0
5,899,18,0
5,913,20,0
5,913,21,1
5,913,22,1
5,913,23,1
5,913,24,0
5,913,25,1
5,913,1,1
5,913,3,1
5,913,2,1
5,913,5,1
5,913,4,1
5,913,7,0
5,913,6,1
5,913,9,1
5,913,8,1
5,913,15,1
5,913,14,1
5,913,17,1
5,913,16,0
5,913,11,1
5,913,10,0
5,913,13,0
5,913,12,1
5,913,19,1
5,913,18,1
5,941,20,0
5,941,21,1
5,941,22,0
5,941,23,1
5,941,24,0
5,941,25,1
5,941,1,1
5,941,3,1
5,941,2,0
5,941,5,0
5,941,4,0
5,941,7,1
5,941,6,1
5,941,9,1
5,941,8,1
5,941,15,1
5,941,14,0
5,941,17,1
5,941,16,0
5,941,11,1
5,941,10,1
5,941,13,1
5,941,12,0
5,941,19,1
5,941,18,0
5,947,20,1
5,947,21,1
5,947,22,1
5,947,23,0
5,947,24,1
5,947,25,1
5,947,1,1
5,947,3,1
5,947,2,1
5,947,5,1
5,947,4,0
5,947,7,1
5,947,6,0
5,947,9,1
5,947,8,1
5,947,15,1
5,947,14,0
5,947,17,1
5,947,16,0
5,947,11,1
5,947,10,1
5,947,13,1
5,947,12,1
5,947,19,1
5,947,18,0
5,948,20,1
5,948,21,1
5,948,22,1
5,948,23,1
5,948,24,1
5,948,25,1
5,948,1,1
5,948,3,1
5,948,2,1
5,948,5,1
5,948,4,1
5,948,7,1
5,948,6,1
5,948,9,1
5,948,8,1
5,948,15,1
5,948,14,0
5,948,17,1
5,948,16,0
5,948,11,1
5,948,10,1
5,948,13,1
5,948,12,1
5,948,19,1
5,948,18,0
5,975,20,0
5,975,21,1
5,975,22,0
5,975,23,1
5,975,24,0
5,975,25,1
5,975,1,1
5,975,3,1
5,975,2,1
5,975,5,1
5,975,4,0
5,975,7,1
5,975,6,1
5,975,9,1
5,975,8,1
5,975,15,1
5,975,14,1
5,975,17,1
5,975,16,1
5,975,11,1
5,975,10,1
5,975,13,0
5,975,12,0
5,975,19,1
5,975,18,1
5,993,20,1
5,993,21,1
5,993,22,0
5,993,23,0
5,993,24,0
5,993,25,1
5,993,1,1
5,993,3,1
5,993,2,1
5,993,5,1
5,993,4,1
5,993,7,0
5,993,6,1
5,993,9,1
5,993,8,1
5,993,15,1
5,993,14,1
5,993,17,1
5,993,16,0
5,993,11,0
5,993,10,1
5,993,13,1
5,993,12,1
5,993,19,1
5,993,18,1
6,118,20,0
6,118,21,0
6,118,22,0
6,118,23,1
6,118,24,0
6,118,25,0
6,118,1,1
6,118,3,1
6,118,2,1
6,118,5,1
6,118,4,0
6,118,7,1
6,118,6,1
6,118,9,1
6,118,8,0
6,118,15,1
6,118,14,0
6,118,17,1
6,118,16,0
6,118,11,0
6,118,10,1
6,118,13,1
6,118,12,0
6,118,19,1
6,118,18,1
6,153,20,0
6,153,21,0
6,153,22,1
6,153,23,1
6,153,24,0
6,153,25,0
6,153,1,1
6,153,3,1
6,153,2,0
6,153,5,1
6,153,4,1
6,153,7,1
6,153,6,1
6,153,9,0
6,153,8,1
6,153,15,1
6,153,14,1
6,153,17,0
6,153,16,0
6,153,11,1
6,153,10,0
6,153,13,1
6,153,12,1
6,153,19,1
6,153,18,0
6,167,20,1
6,167,21,1
6,167,22,1
6,167,23,0
6,167,24,0
6,167,25,1
6,167,1,1
6,167,3,1
6,167,2,1
6,167,5,1
6,167,4,1
6,167,7,0
6,167,6,1
6,167,9,1
6,167,8,0
6,167,15,1
6,167,14,1
6,167,17,0
6,167,16,0
6,167,11,0
6,167,10,1
6,167,13,1
6,167,12,1
6,167,19,1
6,167,18,0
6,169,20,0
6,169,21,1
6,169,22,1
6,169,23,0
6,169,24,0
6,169,25,0
6,169,1,1
6,169,3,1
6,169,2,1
6,169,5,0
6,169,4,0
6,169,7,0
6,169,6,1
6,169,9,1
6,169,8,0
6,169,15,1
6,169,14,1
6,169,17,1
6,169,16,0
6,169,11,1
6,169,10,1
6,169,13,1
6,169,12,1
6,169,19,1
6,169,18,1
6,237,20,1
6,237,21,1
6,237,22,1
6,237,23,1
6,237,24,1
6,237,25,0
6,237,1,1
6,237,3,1
6,237,2,1
6,237,5,1
6,237,4,1
6,237,7,1
6,237,6,1
6,237,9,1
6,237,8,1
6,237,15,1
6,237,14,0
6,237,17,1
6,237,16,1
6,237,11,0
6,237,10,1
6,237,13,0
6,237,12,1
6,237,19,0
6,237,18,0
6,242,20,0
6,242,21,0
6,242,22,1
6,242,23,0
6,242,24,0
6,242,25,0
6,242,1,1
6,242,3,0
6,242,2,1
6,242,5,0
6,242,4,1
6,242,7,0
6,242,6,0
6,242,9,0
6,242,8,1
6,242,15,1
6,242,14,1
6,242,17,0
6,242,16,0
6,242,11,0
6,242,10,0
6,242,13,0
6,242,12,1
6,242,19,0
6,242,18,0
6,313,20,1
6,313,21,0
6,313,22,0
6,313,23,0
6,313,24,0
6,313,25,1
6,313,1,0
6,313,3,1
6,313,2,1
6,313,5,1
6,313,4,1
6,313,7,0
6,313,6,1
6,313,9,1
6,313,8,1
6,313,15,1
6,313,14,0
6,313,17,0
6,313,16,0
6,313,11,1
6,313,10,1
6,313,13,1
6,313,12,1
6,313,19,0
6,313,18,1
6,317,20,0
6,317,21,0
6,317,22,0
6,317,23,0
6,317,24,0
6,317,25,0
6,317,1,1
6,317,3,1
6,317,2,1
6,317,5,1
6,317,4,1
6,317,7,1
6,317,6,0
6,317,9,1
6,317,8,0
6,317,15,1
6,317,14,0
6,317,17,0
6,317,16,0
6,317,11,0
6,317,10,1
6,317,13,1
6,317,12,1
6,317,19,1
6,317,18,1
6,356,20,1
6,356,21,0
6,356,22,1
6,356,23,1
6,356,24,0
6,356,25,1
6,356,1,1
6,356,3,1
6,356,2,1
6,356,5,0
6,356,4,1
6,356,7,1
6,356,6,1
6,356,9,0
6,356,8,0
6,356,15,1
6,356,14,0
6,356,17,0
6,356,16,0
6,356,11,1
6,356,10,1
6,356,13,1
6,356,12,1
6,356,19,0
6,356,18,0
6,399,20,0
6,399,21,1
6,399,22,1
6,399,23,1
6,399,24,0
6,399,25,0
6,399,1,1
6,399,3,1
6,399,2,1
6,399,5,1
6,399,4,1
6,399,7,1
6,399,6,0
6,399,9,1
6,399,8,0
6,399,15,1
6,399,14,0
6,399,17,0
6,399,16,0
6,399,11,1
6,399,10,1
6,399,13,0
6,399,12,1
6,399,19,1
6,399,18,1
6,407,20,0
6,407,21,0
6,407,22,1
6,407,23,1
6,407,24,0
6,407,25,0
6,407,1,1
6,407,3,1
6,407,2,1
6,407,5,1
6,407,4,1
6,407,7,1
6,407,6,1
6,407,9,1
6,407,8,1
6,407,15,1
6,407,14,1
6,407,17,1
6,407,16,1
6,407,11,1
6,407,10,1
6,407,13,1
6,407,12,1
6,407,19,0
6,407,18,1
6,414,20,1
6,414,21,1
6,414,22,0
6,414,23,1
6,414,24,1
6,414,25,1
6,414,1,1
6,414,3,1
6,414,2,1
6,414,5,0
6,414,4,1
6,414,7,1
6,414,6,1
6,414,9,1
6,414,8,0
6,414,15,1
6,414,14,0
6,414,17,1
6,414,16,0
6,414,11,1
6,414,10,1
6,414,13,1
6,414,12,1
6,414,19,0
6,414,18,1
6,437,20,1
6,437,21,1
6,437,22,1
6,437,23,1
6,437,24,0
6,437,25,1
6,437,1,1
6,437,3,1
6,437,2,0
6,437,5,1
6,437,4,1
6,437,7,0
6,437,6,1
6,437,9,1
6,437,8,1
6,437,15,1
6,437,14,0
6,437,17,1
6,437,16,0
6,437,11,1
6,437,10,1
6,437,13,0
6,437,12,1
6,437,19,0
6,437,18,0
6,457,20,1
6,457,21,1
6,457,22,1
6,457,23,1
6,457,24,1
6,457,25,1
6,457,1,1
6,457,3,1
6,457,2,1
6,457,5,1
6,457,4,1
6,457,7,0
6,457,6,1
6,457,9,1
6,457,8,1
6,457,15,1
6,457,14,1
6,457,17,0
6,457,16,0
6,457,11,1
6,457,10,1
6,457,13,1
6,457,12,1
6,457,19,1
6,457,18,1
6,520,20,0
6,520,21,1
6,520,22,1
6,520,23,0
6,520,24,1
6,520,25,1
6,520,1,1
6,520,3,0
6,520,2,1
6,520,5,1
6,520,4,1
6,520,7,0
6,520,6,0
6,520,9,0
6,520,8,1
6,520,15,1
6,520,14,1
6,520,17,0
6,520,16,1
6,520,11,0
6,520,10,1
6,520,13,1
6,520,12,1
6,520,19,1
6,520,18,1
6,570,20,1
6,570,21,1
6,570,22,1
6,570,23,1
6,570,24,0
6,570,25,0
6,570,1,1
6,570,3,1
6,570,2,1
6,570,5,1
6,570,4,1
6,570,7,0
6,570,6,0
6,570,9,1
6,570,8,1
6,570,15,1
6,570,14,1
6,570,17,1
6,570,16,1
6,570,11,1
6,570,10,1
6,570,13,0
6,570,12,0
6,570,19,1
6,570,18,1
6,585,20,0
6,585,21,0
6,585,22,1
6,585,23,1
6,585,24,1
6,585,25,1
6,585,1,0
6,585,3,0
6,585,2,1
6,585,5,1
6,585,4,0
6,585,7,0
6,585,6,1
6,585,9,0
6,585,8,0
6,585,15,0
6,585,14,1
6,585,17,0
6,585,16,0
6,585,11,1
6,585,10,0
6,585,13,0
6,585,12,0
6,585,19,1
6,585,18,0
6,618,20,1
6,618,21,1
6,618,22,1
6,618,23,1
6,618,24,1
6,618,25,0
6,618,1,1
6,618,3,0
6,618,2,1
6,618,5,1
6,618,4,1
6,618,7,0
6,618,6,1
6,618,9,1
6,618,8,1
6,618,15,0
6,618,14,0
6,618,17,0
6,618,16,1
6,618,11,1
6,618,10,0
6,618,13,1
6,618,12,1
6,618,19,0
6,618,18,1
6,625,20,1
6,625,21,1
6,625,22,1
6,625,23,0
6,625,24,1
6,625,25,1
6,625,1,1
6,625,3,1
6,625,2,1
6,625,5,1
6,625,4,1
6,625,7,0
6,625,6,0
6,625,9,1
6,625,8,1
6,625,15,1
6,625,14,1
6,625,17,0
6,625,16,0
6,625,11,1
6,625,10,1
6,625,13,1
6,625,12,1
6,625,19,0
6,625,18,0
6,627,20,0
6,627,21,1
6,627,22,1
6,627,23,1
6,627,24,1
6,627,25,1
6,627,1,1
6,627,3,1
6,627,2,1
6,627,5,0
6,627,4,1
6,627,7,1
6,627,6,1
6,627,9,0
6,627,8,1
6,627,15,0
6,627,14,0
6,627,17,0
6,627,16,0
6,627,11,1
6,627,10,1
6,627,13,1
6,627,12,1
6,627,19,1
6,627,18,0
6,746,20,1
6,746,21,1
6,746,22,1
6,746,23,0
6,746,24,1
6,746,25,0
6,746,1,1
6,746,3,1
6,746,2,1
6,746,5,1
6,746,4,1
6,746,7,1
6,746,6,1
6,746,9,1
6,746,8,1
6,746,15,1
6,746,14,1
6,746,17,1
6,746,16,1
6,746,11,1
6,746,10,1
6,746,13,1
6,746,12,1
6,746,19,1
6,746,18,1
6,752,20,1
6,752,21,1
6,752,22,1
6,752,23,1
6,752,24,0
6,752,25,1
6,752,1,1
6,752,3,1
6,752,2,1
6,752,5,0
6,752,4,1
6,752,7,0
6,752,6,1
6,752,9,0
6,752,8,0
6,752,15,1
6,752,14,1
6,752,17,1
6,752,16,1
6,752,11,1
6,752,10,1
6,752,13,1
6,752,12,1
6,752,19,0
6,752,18,1
6,849,20,1
6,849,21,1
6,849,22,1
6,849,23,1
6,849,24,1
6,849,25,1
6,849,1,0
6,849,3,1
6,849,2,1
6,849,5,0
6,849,4,1
6,849,7,1
6,849,6,1
6,849,9,0
6,849,8,0
6,849,15,1
6,849,14,1
6,849,17,0
6,849,16,0
6,849,11,1
6,849,10,1
6,849,13,1
6,849,12,1
6,849,19,1
6,849,18,1
6,867,20,1
6,867,21,0
6,867,22,1
6,867,23,1
6,867,24,1
6,867,25,0
6,867,1,1
6,867,3,1
6,867,2,1
6,867,5,1
6,867,4,0
6,867,7,1
6,867,6,1
6,867,9,1
6,867,8,0
6,867,15,0
6,867,14,1
6,867,17,0
6,867,16,0
6,867,11,0
6,867,10,1
6,867,13,1
6,867,12,1
6,867,19,0
6,867,18,1
6,876,20,0
6,876,21,0
6,876,22,1
6,876,23,1
6,876,24,1
6,876,25,1
6,876,1,1
6,876,3,1
6,876,2,1
6,876,5,1
6,876,4,0
6,876,7,0
6,876,6,1
6,876,9,1
6,876,8,1
6,876,15,1
6,876,14,0
6,876,17,1
6,876,16,0
6,876,11,0
6,876,10,1
6,876,13,0
6,876,12,1
6,876,19,0
6,876,18,1
6,880,20,0
6,880,21,1
6,880,22,0
6,880,23,0
6,880,24,0
6,880,25,1
6,880,1,1
6,880,3,1
6,880,2,1
6,880,5,1
6,880,4,0
6,880,7,0
6,880,6,1
6,880,9,0
6,880,8,0
6,880,15,1
6,880,14,0
6,880,17,0
6,880,16,0
6,880,11,0
6,880,10,0
6,880,13,1
6,880,12,0
6,880,19,1
6,880,18,1
6,886,20,0
6,886,21,1
6,886,22,1
6,886,23,1
6,886,24,0
6,886,25,0
6,886,1,0
6,886,3,1
6,886,2,1
6,886,5,0
6,886,4,1
6,886,7,1
6,886,6,0
6,886,9,1
6,886,8,0
6,886,15,1
6,886,14,0
6,886,17,1
6,886,16,1
6,886,11,0
6,886,10,0
6,886,13,1
6,886,12,1
6,886,19,1
6,886,18,1
6,941,20,0
6,941,21,0
6,941,22,0
6,941,23,1
6,941,24,1
6,941,25,0
6,941,1,1
6,941,3,1
6,941,2,1
6,941,5,0
6,941,4,1
6,941,7,1
6,941,6,1
6,941,9,0
6,941,8,0
6,941,15,1
6,941,14,1
6,941,17,0
6,941,16,0
6,941,11,0
6,941,10,1
6,941,13,1
6,941,12,1
6,941,19,1
6,941,18,0
6,948,20,0
6,948,21,0
6,948,22,1
6,948,23,0
6,948,24,0
6,948,25,1
6,948,1,1
6,948,3,1
6,948,2,1
6,948,5,1
6,948,4,1
6,948,7,0
6,948,6,1
6,948,9,1
6,948,8,1
6,948,15,1
6,948,14,1
6,948,17,0
6,948,16,0
6,948,11,1
6,948,10,1
6,948,13,1
6,948,12,1
6,948,19,0
6,948,18,1
6,975,20,0
6,975,21,1
6,975,22,1
6,975,23,1
6,975,24,1
6,975,25,1
6,975,1,1
6,975,3,1
6,975,2,1
6,975,5,1
6,975,4,1
6,975,7,1
6,975,6,1
6,975,9,1
6,975,8,0
6,975,15,1
6,975,14,0
6,975,17,0
6,975,16,1
6,975,11,0
6,975,10,1
6,975,13,1
6,975,12,1
6,975,19,1
6,975,18,1
6,993,20,0
6,993,21,1
6,993,22,1
6,993,23,1
6,993,24,1
6,993,25,1
6,993,1,1
6,993,3,1
6,993,2,1
6,993,5,1
6,993,4,0
6,993,7,0
6,993,6,0
6,993,9,0
6,993,8,0
6,993,15,1
6,993,14,0
6,993,17,0
6,993,16,0
6,993,11,0
6,993,10,1
6,993,13,1
6,993,12,1
6,993,19,1
6,993,18,0
6,100,20,1
6,100,21,1
6,100,22,1
6,100,23,0
6,100,24,1
6,100,25,0
6,100,1,1
6,100,3,1
6,100,2,1
6,100,5,1
6,100,4,1
6,100,7,0
6,100,6,1
6,100,9,1
6,100,8,1
6,100,15,1
6,100,14,0
6,100,17,1
6,100,16,1
6,100,11,1
6,100,10,1
6,100,13,1
6,100,12,1
6,100,19,1
6,100,18,1
6,124,20,0
6,124,21,1
6,124,22,1
6,124,23,0
6,124,24,0
6,124,25,1
6,124,1,1
6,124,3,0
6,124,2,0
6,124,5,0
6,124,4,1
6,124,7,0
6,124,6,1
6,124,9,0
6,124,8,0
6,124,15,1
6,124,14,1
6,124,17,0
6,124,16,1
6,124,11,1
6,124,10,1
6,124,13,1
6,124,12,1
6,124,19,0
6,124,18,0
6,189,20,1
6,189,21,1
6,189,22,1
6,189,23,1
6,189,24,1
6,189,25,0
6,189,1,1
6,189,3,1
6,189,2,1
6,189,5,1
6,189,4,1
6,189,7,1
6,189,6,1
6,189,9,1
6,189,8,1
6,189,15,1
6,189,14,1
6,189,17,1
6,189,16,1
6,189,11,1
6,189,10,1
6,189,13,1
6,189,12,1
6,189,19,1
6,189,18,1
6,193,20,1
6,193,21,1
6,193,22,1
6,193,23,0
6,193,24,1
6,193,25,1
6,193,1,1
6,193,3,0
6,193,2,0
6,193,5,1
6,193,4,0
6,193,7,1
6,193,6,1
6,193,9,1
6,193,8,0
6,193,15,1
6,193,14,1
6,193,17,1
6,193,16,0
6,193,11,1
6,193,10,1
6,193,13,1
6,193,12,1
6,193,19,1
6,193,18,1
6,194,20,0
6,194,21,1
6,194,22,1
6,194,23,0
6,194,24,1
6,194,25,0
6,194,1,1
6,194,3,1
6,194,2,1
6,194,5,0
6,194,4,1
6,194,7,1
6,194,6,1
6,194,9,0
6,194,8,1
6,194,15,1
6,194,14,1
6,194,17,0
6,194,16,1
6,194,11,1
6,194,10,1
6,194,13,1
6,194,12,1
6,194,19,1
6,194,18,1
6,203,20,0
6,203,21,1
6,203,22,1
6,203,23,0
6,203,24,1
6,203,25,1
6,203,1,0
6,203,3,0
6,203,2,1
6,203,5,1
6,203,4,0
6,203,7,0
6,203,6,1
6,203,9,1
6,203,8,1
6,203,15,1
6,203,14,0
6,203,17,1
6,203,16,0
6,203,11,0
6,203,10,1
6,203,13,1
6,203,12,1
6,203,19,1
6,203,18,1
6,218,20,0
6,218,21,1
6,218,22,1
6,218,23,1
6,218,24,1
6,218,25,1
6,218,1,1
6,218,3,1
6,218,2,1
6,218,5,0
6,218,4,1
6,218,7,0
6,218,6,1
6,218,9,1
6,218,8,0
6,218,15,1
6,218,14,0
6,218,17,0
6,218,16,1
6,218,11,0
6,218,10,1
6,218,13,1
6,218,12,1
6,218,19,1
6,218,18,1
6,239,20,0
6,239,21,1
6,239,22,1
6,239,23,1
6,239,24,0
6,239,25,1
6,239,1,1
6,239,3,0
6,239,2,0
6,239,5,0
6,239,4,0
6,239,7,0
6,239,6,1
6,239,9,0
6,239,8,1
6,239,15,1
6,239,14,1
6,239,17,0
6,239,16,0
6,239,11,0
6,239,10,1
6,239,13,1
6,239,12,1
6,239,19,1
6,239,18,0
6,273,20,0
6,273,21,0
6,273,22,1
6,273,23,1
6,273,24,1
6,273,25,1
6,273,1,1
6,273,3,1
6,273,2,1
6,273,5,0
6,273,4,1
6,273,7,1
6,273,6,1
6,273,9,1
6,273,8,0
6,273,15,1
6,273,14,0
6,273,17,1
6,273,16,1
6,273,11,1
6,273,10,0
6,273,13,1
6,273,12,1
6,273,19,0
6,273,18,1
6,276,20,1
6,276,21,0
6,276,22,0
6,276,23,0
6,276,24,1
6,276,25,1
6,276,1,1
6,276,3,0
6,276,2,0
6,276,5,1
6,276,4,0
6,276,7,0
6,276,6,1
6,276,9,0
6,276,8,0
6,276,15,0
6,276,14,1
6,276,17,1
6,276,16,0
6,276,11,1
6,276,10,1
6,276,13,1
6,276,12,1
6,276,19,0
6,276,18,1
6,298,20,0
6,298,21,1
6,298,22,1
6,298,23,0
6,298,24,0
6,298,25,0
6,298,1,0
6,298,3,1
6,298,2,1
6,298,5,0
6,298,4,1
6,298,7,0
6,298,6,1
6,298,9,1
6,298,8,1
6,298,15,1
6,298,14,1
6,298,17,0
6,298,16,0
6,298,11,1
6,298,10,1
6,298,13,0
6,298,12,1
6,298,19,0
6,298,18,1
6,302,20,1
6,302,21,0
6,302,22,1
6,302,23,0
6,302,24,1
6,302,25,0
6,302,1,1
6,302,3,1
6,302,2,1
6,302,5,1
6,302,4,1
6,302,7,1
6,302,6,1
6,302,9,1
6,302,8,1
6,302,15,0
6,302,14,0
6,302,17,1
6,302,16,1
6,302,11,1
6,302,10,1
6,302,13,0
6,302,12,1
6,302,19,1
6,302,18,1
6,341,20,1
6,341,21,0
6,341,22,1
6,341,23,1
6,341,24,0
6,341,25,0
6,341,1,0
6,341,3,1
6,341,2,1
6,341,5,0
6,341,4,0
6,341,7,1
6,341,6,1
6,341,9,1
6,341,8,0
6,341,15,0
6,341,14,0
6,341,17,1
6,341,16,0
6,341,11,1
6,341,10,1
6,341,13,0
6,341,12,1
6,341,19,1
6,341,18,0
6,373,20,1
6,373,21,1
6,373,22,0
6,373,23,1
6,373,24,0
6,373,25,1
6,373,1,1
6,373,3,0
6,373,2,1
6,373,5,1
6,373,4,0
6,373,7,1
6,373,6,0
6,373,9,0
6,373,8,0
6,373,15,1
6,373,14,1
6,373,17,0
6,373,16,0
6,373,11,1
6,373,10,0
6,373,13,1
6,373,12,1
6,373,19,1
6,373,18,1
6,392,20,1
6,392,21,1
6,392,22,0
6,392,23,0
6,392,24,1
6,392,25,1
6,392,1,1
6,392,3,1
6,392,2,1
6,392,5,0
6,392,4,1
6,392,7,0
6,392,6,1
6,392,9,0
6,392,8,0
6,392,15,1
6,392,14,1
6,392,17,1
6,392,16,0
6,392,11,0
6,392,10,1
6,392,13,1
6,392,12,1
6,392,19,1
6,392,18,0
6,485,20,0
6,485,21,1
6,485,22,1
6,485,23,1
6,485,24,1
6,485,25,0
6,485,1,1
6,485,3,1
6,485,2,1
6,485,5,1
6,485,4,1
6,485,7,1
6,485,6,0
6,485,9,0
6,485,8,1
6,485,15,1
6,485,14,0
6,485,17,0
6,485,16,0
6,485,11,1
6,485,10,1
6,485,13,0
6,485,12,1
6,485,19,1
6,485,18,0
6,544,20,1
6,544,21,1
6,544,22,1
6,544,23,0
6,544,24,1
6,544,25,1
6,544,1,1
6,544,3,1
6,544,2,1
6,544,5,1
6,544,4,1
6,544,7,0
6,544,6,1
6,544,9,1
6,544,8,1
6,544,15,1
6,544,14,0
6,544,17,1
6,544,16,0
6,544,11,1
6,544,10,1
6,544,13,1
6,544,12,1
6,544,19,0
6,544,18,0
6,600,20,0
6,600,21,1
6,600,22,0
6,600,23,0
6,600,24,1
6,600,25,0
6,600,1,1
6,600,3,1
6,600,2,1
6,600,5,1
6,600,4,0
6,600,7,0
6,600,6,1
6,600,9,1
6,600,8,1
6,600,15,1
6,600,14,1
6,600,17,1
6,600,16,1
6,600,11,1
6,600,10,1
6,600,13,1
6,600,12,1
6,600,19,0
6,600,18,1
6,693,20,1
6,693,21,0
6,693,22,1
6,693,23,1
6,693,24,1
6,693,25,1
6,693,1,1
6,693,3,1
6,693,2,1
6,693,5,1
6,693,4,1
6,693,7,1
6,693,6,1
6,693,9,0
6,693,8,1
6,693,15,1
6,693,14,1
6,693,17,1
6,693,16,0
6,693,11,1
6,693,10,1
6,693,13,0
6,693,12,1
6,693,19,1
6,693,18,0
6,742,20,1
6,742,21,1
6,742,22,1
6,742,23,0
6,742,24,1
6,742,25,1
6,742,1,1
6,742,3,1
6,742,2,1
6,742,5,1
6,742,4,1
6,742,7,1
6,742,6,1
6,742,9,0
6,742,8,1
6,742,15,1
6,742,14,0
6,742,17,1
6,742,16,0
6,742,11,1
6,742,10,1
6,742,13,1
6,742,12,1
6,742,19,0
6,742,18,0
6,744,20,1
6,744,21,1
6,744,22,1
6,744,23,1
6,744,24,0
6,744,25,0
6,744,1,0
6,744,3,1
6,744,2,1
6,744,5,0
6,744,4,0
6,744,7,1
6,744,6,1
6,744,9,0
6,744,8,0
6,744,15,0
6,744,14,0
6,744,17,1
6,744,16,1
6,744,11,0
6,744,10,1
6,744,13,1
6,744,12,1
6,744,19,1
6,744,18,0
6,777,20,1
6,777,21,1
6,777,22,1
6,777,23,0
6,777,24,1
6,777,25,0
6,777,1,1
6,777,3,1
6,777,2,1
6,777,5,1
6,777,4,1
6,777,7,1
6,777,6,1
6,777,9,1
6,777,8,0
6,777,15,1
6,777,14,0
6,777,17,1
6,777,16,1
6,777,11,1
6,777,10,1
6,777,13,1
6,777,12,1
6,777,19,0
6,777,18,1
6,779,20,1
6,779,21,1
6,779,22,1
6,779,23,1
6,779,24,1
6,779,25,1
6,779,1,1
6,779,3,1
6,779,2,1
6,779,5,1
6,779,4,1
6,779,7,1
6,779,6,1
6,779,9,1
6,779,8,1
6,779,15,0
6,779,14,0
6,779,17,1
6,779,16,0
6,779,11,1
6,779,10,1
6,779,13,1
6,779,12,1
6,779,19,1
6,779,18,0
6,847,20,0
6,847,21,1
6,847,22,1
6,847,23,0
6,847,24,0
6,847,25,0
6,847,1,1
6,847,3,1
6,847,2,1
6,847,5,0
6,847,4,1
6,847,7,0
6,847,6,1
6,847,9,0
6,847,8,1
6,847,15,1
6,847,14,0
6,847,17,1
6,847,16,0
6,847,11,1
6,847,10,1
6,847,13,1
6,847,12,1
6,847,19,1
6,847,18,1
6,869,20,0
6,869,21,1
6,869,22,1
6,869,23,1
6,869,24,0
6,869,25,0
6,869,1,1
6,869,3,1
6,869,2,1
6,869,5,1
6,869,4,1
6,869,7,1
6,869,6,0
6,869,9,1
6,869,8,1
6,869,15,1
6,869,14,1
6,869,17,0
6,869,16,0
6,869,11,1
6,869,10,1
6,869,13,0
6,869,12,1
6,869,19,0
6,869,18,0
6,890,20,0
6,890,21,0
6,890,22,0
6,890,23,0
6,890,24,0
6,890,25,0
6,890,1,1
6,890,3,1
6,890,2,1
6,890,5,0
6,890,4,1
6,890,7,0
6,890,6,1
6,890,9,0
6,890,8,0
6,890,15,1
6,890,14,0
6,890,17,1
6,890,16,0
6,890,11,0
6,890,10,1
6,890,13,0
6,890,12,1
6,890,19,0
6,890,18,1
6,899,20,0
6,899,21,0
6,899,22,0
6,899,23,0
6,899,24,1
6,899,25,0
6,899,1,0
6,899,3,1
6,899,2,0
6,899,5,1
6,899,4,0
6,899,7,0
6,899,6,1
6,899,9,1
6,899,8,0
6,899,15,0
6,899,14,0
6,899,17,0
6,899,16,1
6,899,11,0
6,899,10,0
6,899,13,0
6,899,12,1
6,899,19,0
6,899,18,0
6,913,20,1
6,913,21,1
6,913,22,1
6,913,23,0
6,913,24,0
6,913,25,1
6,913,1,1
6,913,3,1
6,913,2,1
6,913,5,1
6,913,4,1
6,913,7,0
6,913,6,1
6,913,9,0
6,913,8,0
6,913,15,1
6,913,14,0
6,913,17,0
6,913,16,0
6,913,11,0
6,913,10,0
6,913,13,1
6,913,12,1
6,913,19,1
6,913,18,1
6,947,20,1
6,947,21,1
6,947,22,1
6,947,23,1
6,947,24,1
6,947,25,0
6,947,1,1
6,947,3,1
6,947,2,1
6,947,5,0
6,947,4,1
6,947,7,0
6,947,6,1
6,947,9,1
6,947,8,0
6,947,15,1
6,947,14,1
6,947,17,0
6,947,16,0
6,947,11,1
6,947,10,1
6,947,13,1
6,947,12,1
6,947,19,1
6,947,18,1
